LPsRp7uUXUk,2
U0nomuT4FFc,2
2JEvQrl_w7Y,2
lrDKDuxXDcE,2
510k0db17jU,2
OuPN4j8e2Q8,2
f43SrPbHlzw,2
KcyoKIjayGk,2
AInNApGqap4,2
IC31IRDQzhs,2
TQp_5nfj3s4,2
9o-77YQ1Rcc,2
AVGLZqWzigw,2
Y9WUeHHzf7s,2
MkGP7s0SGtY,2
s8nyMc5uHJA,2
Zdix36wExS0,2
lbGDfyFdSLk,2
jIlgM76d8SI,2
gtyvLQ3DunE,2
PhLz2doPaPc,2
POJNF6ssDE4,2
j6sbVjL1sXA,2
HtlGVZdtwcU,2
CByN7Js3P7U,2
idLBfx4oF4Q,2
M8l2ZiGYtwI,2
_9t4w6Diy5s,2
IOZse97U6QE,2
sOoZF4gqlUs,2
JG2Z35EFO-A,2
iNw4zcJTxgc,2
8syCfiMtj1o,2
95kU0jbB4e4,1
3NmLF9yPVSw,1
GDwLHcPVfEE,2
QH87Ee_S28E,2
ghUYzaRFBRA,2
VvG7gGDOBcQ,2
o1jnf77pGkE,2
3UiFL08qCcc,2
f-mHLBD64HM,2
C25qzDhGLx8,2
cZYNADOHhVY,2
nVAJ0rnVx0A,2
PGPEbIM-uvo,2
Ib5uHRwjRmc,2
0GMOd3bgO4I,2
IHY1Mfr-o5Y,2
PkYZbM-GLis,2
rKq54OL2OEc,2
zXz1jyjA7PY,2
rxjMfQ7OiI4,2
2cuwT3XBRbY,2
agwx_GyvuJI,2
kXdh1xanZX8,2
R6bqSZtd_iY,2
qVukx967sY8,2
UFUfhoYNbaM,2
KN0F-hum7oQ,2
w7OhIJJ2biQ,2
ArU1ubP7FNQ,2
ho86Ov4XHEk,2
Y4uJG8rjEqA,2
fi1Rk35QPt8,2
ui6Mb490xFI,2
L-IC7v3s7os,2
U7xOBOnQ0G4,2
cX8oS3xjF5Y,2
NWCenvgsDNg,2
tnCsUU4WhRQ,2
fPWhlHcHI0I,2
xuZfykjLscM,2
cqES_5-iWj8,2
ctz_J16CEH0,2
giPTchzldBE,2
nohIiicq-UI,2
djs4nA0r2D0,2
SHi13Zqh5oo,2
OUU3E9idUYo,2
WlKMtrF06aI,2
NtpQ0a1I2Qs,2
g4fIq03ISas,2
SOHXr371qS8,2
7Zn6xCporr8,2
Qv-B6UYCC14,2
IY9KCGFKaWA,2
psveZOGKHuo,2
qxvRyIof_Jg,2
qhxAsUZACsU,2
0la3YmVJxDU,2
-_qUK3IsgDs,2
G3KLR3JG8bE,2
sWNIftiMkQw,2
Oo43YGlOHhI,2
HVxQhirh_S0,2
DFUVcfe9MPo,2
gb_JtZ4gCYg,2
a8HNQzKxKsM,2
DcDqInKVUA4,2
fbgWVJB7ZKc,2
DqPZeXX9H1A,2
Xt-b0uJB970,2
pcm5KlbWDbo,2
R-7b8DG5Vc8,2
MaSFs3fA4R4,2
Z965lyUxlt8,2
Tybgyk3hfoM,2
gA_8w1dz7r8,2
A7pGwBSmzrc,2
QGSmllZDVqw,2
6pbKB2TL3Jk,2
6w3EbmeD9UY,2
iZOLvuujrPk,2
OLpeX4RRo28,2
L9IEih1XDx4,2
fAPMZpaJRg0,2
_jZXbhe6-rg,2
pCYLFSZ4qzQ,2
_OsRPWRJ7PY,2
pABgARzOdOY,2
dQGEu3-3BzI,2
R1awrN9NOEY,2
z07SOyZKqM0,2
0AMRP9JTHlw,2
0R9X1LuLfMo,2
u4y0iorBpgU,2
7UrZr3gksQs,2
tvblJ-CJfMA,2
KbkcZlYJBoQ,2
d9lmacVZ7vY,2
XPtv5ZTY5tM,2
fRL7r2Myd-Q,2
PMlZZGg7JB4,2
o0vWAaPbUFI,2
OfKosBXxhxo,2
7w7pTRyFiGQ,2
pbKYflOFsCo,2
zQziE4cbGm4,2
pdtbKJfS_SY,2
KQBxmcXXusk,2
lGYy3jGrOMQ,2
NXH9-QqrWfs,2
sNSPw3ykA68,2
oItPIIQJP7c,2
bIqkGb6w3mU,2
bRhZoZyC7s4,2
uide9vNe4NY,2
1YBeQwX8IDo,2
-AMQPzL22Qw,2
peG7ehz0Cl8,2
CNKqWdh2Cz4,2
e326tDj-koU,2
O32D2ool2nY,2
ltGIxLIx3Ac,2
nFDsHXSAzs8,2
WRpWnoKdKYM,2
2x4zwuS11s0,2
gEOsAG0yKfg,2
_5T5yZ0GznU,2
U-qwWo9K2w8,2
w0xQqnD2nqo,2
dwJIoLlafaU,2
ZWd-oseDh_w,2
4CefIlrSIp4,2
K5014D-udWI,2
9lgvZjFHLCk,2
dYSe2xwY1Mw,2
IQq39x8m9Kw,2
adTn7pAsEhc,2
-aR--fgXnPs,2
SKInuc9iz_Y,2
eQYNeD8TdL4,2
5LakGKWONGE,2
FbWCLbfZSzY,2
GBfAPW4cFeg,2
s7LA-8DFurA,2
iG8w93Mron4,2
1r_TJSoKc1c,2
rqad8Gev2fA,2
kHUYoPwVvYs,2
Pttfckj5DRI,2
wL_W0F1weIo,2
BuMYQ21Ac_M,2
-Wy7-fflsSw,2
GJTJv-I6gd0,2
i0JpHqi0G8Y,2
C_dIU3m9ZpA,2
iceswc47I2Q,2
g09Bwl28SAw,2
VbQSGMXYp8Y,2
dI4w2p4NVOs,2
KlNuMNNAxqg,2
fxhq8POGgDs,2
9laJm5A_ND4,2
Vxwiy-GGRxU,2
IfSJ1oljvFY,2
N-fL9b-XYJA,2
8BkmHtliycU,2
UrV5Sd8Y-Uk,2
cNiWJ2HML48,2
JhUyNvGdK00,2
cGQi2czFXSs,2
aDE30yphVMY,2
PE74P-wNttY,2
C1TvOM8vdrc,2
VhL8a_7yZxU,2
Qmw1FoN-hbw,2
V7W2CT8SBnk,2
FODsUeHZ13o,2
MSpcdzwBatg,2
7m2oQPnPzU4,2
XqWCqObiD00,2
PP-YeFP3LCc,2
GbH_qQkrkJM,2
QyUFG359bLY,2
OBq9EQxWtDU,2
U6vYLQcchDk,2
sTWyWl8DLAA,2
jT8j9MjH45A,2
EJdboFptQ3o,2
SmZYpDzr_6Y,2
3VKzZfo1ZKo,2
2tuwWp5GUXQ,2
bukzXzsG77o,2
XPPOQH4-ZxM,2
EcAo68IQV_c,2
kBQ0K8KxtAA,2
5v2-DBw3iZs,2
KQy9iIxD4CI,2
LIELVlEjX4w,2
fG3J4GiMj74,2
8_siT7mrL6A,2
EyN6R3xqvG8,2
w_DfrR3NRA8,2
3YWgrIcp4qQ,2
JNuVL0l5Ofk,2
pM5EJlYkoMQ,2
5S5fvoJ1Bqs,2
gP7appOSlUM,2
F72xokF1vUM,2
TnWdULGcdR8,2
fkkKzKAa7-w,2
LjmvC2r-yWY,2
u1aCA3GWA2Y,2
pyShPPWbj-M,2
AgmFAtXmRnM,2
U-7dKuc5bUM,2
wS9DShHagVM,2
1WsNkQwmkFc,2
WCimt4xt97w,2
5sP7Me8FL9E,2
shT8QbPyKE8,2
nwh6aaktPaw,2
7YylJ8rhdtA,2
AzFA65oJtqA,2
ZGCk6CoYCyI,2
4RPRDK7jEns,2
5CHwJ6InH2E,2
TsFTEGNtyU4,2
BFt-a2KJcwA,2
Iq1M3z8UdgU,2
qGh7f742zqg,2
bpHZbXJEA2M,2
nPmGBu_cZRk,2
jX2QbrRFZ-A,2
MBMwW3rZ-Zo,2
cpG07bEkvBk,2
m2cXChSsd2k,2
_5w0z0Hoz3o,2
D8gnoBx1sLQ,2
w0zVzhWGAHg,2
JNIr_UI0EPY,2
6M92H8oTH64,2
-R6w07kSjjE,2
4XHzyX3bKyI,2
BtzMMzQRjAg,2
TAE9PSEV5m4,2
0bGgwVr7U08,2
ac9xaqMl9FE,2
Gx3kNmrDhT4,2
wRuWeBIDxJg,2
B3nyql99Qas,2
Ox9CL4VnZdI,2
7WC02-SXP1E,2
B1viManj0qA,2
kYztolpGCZQ,2
frvdZKGG3uk,2
frUHCG4OZRc,2
I-b_1fx-_uA,2
rABfqfffRBQ,2
IWuVA6x_bLY,2
FSE2c5-vX4I,2
9Y4nSBiqN38,2
u2wUt05fEhg,2
nXPjMGu9bCY,2
sEqV5lFPzqk,2
seVCO42alAM,2
O42u3wPxQc8,2
M4moD_ramN8,2
YPyKRVhzFO8,2
Obva0Hv6hgE,2
W5GaSlaMNmU,2
24I8OCMXAQ0,2
MU51n7_34sM,2
64QPm5KJ8_0,2
zHbRW42-PB0,2
zCe6pMgZC5s,2
zjTc1_3Osv0,2
gSHLzFRKYi0,2
m2n90MJqRus,2
9Jqnaf0S8GY,2
ybL4Vjf4--0,2
Jdm4BBcdi1o,2
FPRBGC1fI7g,2
8AD-27u0xc4,2
0mxeYyvrI4g,2
Pc2vbyZGJlE,2
Idf0ND7FuAw,2
aGNbqYwI1iI,2
Er-hGFBcosc,2
mpjREfvZiDs,2
bySf7gh6qCc,2
e_q-kxlXgEA,2
GJjWUGxpUac,2
VxbmvLX8Bms,2
4_jkeWgtZ18,2
tC4gEQUuzyc,2
RH7wMFrWYoA,2
2zHXp_gvL34,2
NdVUOBNfwkI,2
H3EfnqqIJIs,3
LNGZm4tcIwE,3
b9YYO-4x-_8,3
QGWOnwuejTA,3
-h_GL_gAbZI,3
f2rTvUePMXo,3
uZ0739iVLo4,3
orMJvuYfXKo,3
P0hRuJ16O_w,3
4l_VkqXEhD0,3
tpZo6EXm4Zs,3
NR0p9s_w9KQ,3
1R0H4RV10EA,3
rQ2y9_42dGk,3
NsdOMrnRsvE,3
odwfHu6MDuU,3
QGX2mJ6IbS0,3
OG7hET4s3Iw,3
9eoPUpxnHuM,3
Jp5_llbx2gY,3
UKGqhh0Vd_U,3
y_IgBrRxVts,3
xwEIBy67oo4,3
TSGPWyVqlLQ,3
4zeXTknFGag,3
mC_yONOa-Bo,3
R5-S_4DGFV0,3
fEv26cA_Rz4,3
DW7tuFK8d7Y,3
NvTPEgZGSWU,3
Fj7lWhRjPjU,3
7jI4HO5LK3E,3
t2zROH9t2vY,3
_TqVlKLd_nE,3
OekfCH3tlVY,3
qLeRaX-uNGg,3
v4i5WYDiEGs,3
5IjGT55A2P8,3
IJMHY8PC8Ok,3
9oyaIC9IJzk,3
ZedFDqh4C78,3
5yuWdYx5_A8,3
UuB4gKWE5KA,3
Ehl4nv3HAZ8,3
q0ge1He-PL8,3
fbzda1uE9ig,3
erixhOPTpQY,3
QKdnJstjbgo,3
kenApSR0-UE,3
cRp7qb02bhg,3
K8fkZY_fBEM,3
fwQHl3FmRow,3
4g2UNs6A_CM,3
43AnWyQAFQA,3
C3t9QuNffHg,3
8a9MSsTlFNE,3
dIY2Gcjtdd0,3
kJYVF9umHlk,3
cyIftAPf7kM,3
ybCeaYsrM6s,3
icyPClmG3h4,3
xaoBvFOVI9k,3
YjdBqpHxXZM,3
PMVp1ulzc1Q,3
UdI3CHmvJZI,3
8W8Nolz27_o,3
F42Bsc8YtnU,3
A-bI7fhtbg0,3
NeC4CwJBdNo,3
gjIVpMqHh40,3
anrczyGogS0,3
g6zzKPEyHhE,3
mfUwHBsDTCU,3
pVRiiwPUuq8,3
7PByEBmB70M,3
WzIODjdGFXU,3
Y5NBJ1FEOP4,3
4tFN0GBf8UQ,3
U1LfLuHkes4,3
yjhgD6PD8Rs,3
GvkK8_no5-c,3
5ve6SN43z4E,3
05pqG5baxXM,3
e9zeBCoM4eY,3
ZHM2KfVOKEU,3
L7eTRwDFPus,3
XoUQmkEBa8I,3
Xxc-po2bLRI,3
5Y-a2UZkMfE,3
ajJDKGSemO4,3
iwrOIl7hwQA,3
pTqr6Q5xcmM,3
p_KFUULOqBY,3
Vxu85EUXkLo,3
mx457T7iWMA,3
eNuBFQcz1JM,3
VH6YFs38eXE,3
msug5lFhRK0,3
sL-QoyPE0YE,3
M9Q_mltP7ks,3
CCOjssneQkA,3
Yw86kws8iTk,3
t_TBUB9IqPo,3
y29CBLEyfHM,3
yqNpMm1-dyU,3
QKdaT7YSvZE,3
Oq1Z97bWFSo,3
VRdxPJM_adk,3
v9GODjGXju0,3
mVBCrQ1RQoI,3
g0wIpOYataA,3
gOQiC1qT3MQ,3
k85lnj3lpqY,3
iGcRV6ViVsM,3
DPtiHPaYjqc,3
jYdzEfE4Od8,3
2OA-3IOsVDE,3
UMIYFTH-ws0,3
1qJZY8TPodc,3
s9IwamztdqA,3
irVB8b0zhQI,3
vb97DrNDSfM,3
3C2OUQL6_yQ,3
11_-1_hvExU,3
GP8JTAVi7p8,3
bBQG9i6XlJc,3
H9zmwwcJTBk,3
oAxac4h1Hiw,3
7SM10r1H8HU,3
ob6p2LnIl-Q,3
2u6U7GH9lXk,3
PSFs8QRPEY4,3
83DVREKm82o,3
qIem6oEtPIo,3
kzw-jByCxQs,3
npC1XDL8958,3
MudBAUnuLpw,3
dQyCCN5Uyws,3
c1UnwPC_iD4,3
rPm40yNLlqA,3
3GJ2NvDRvlU,3
aad87u8_T2w,3
247U1uPNcrQ,3
jEl7qfKQhA0,3
PekFuwVqe3E,3
mPPeP3JQfXg,3
WPKXLFY82Ts,3
2Xs_SvhKmdQ,3
nvem_Ky_tAo,3
7qgd_vxgeh4,3
QMNGEY8OZqo,3
aHRTtA7yTZ0,3
QAW3-6d0Mtg,3
4KIVU27b9cY,3
9yUaXarIU3w,3
TxQje9BE3ao,3
t6-W6AiQniY,3
eYb1pYw9Awo,3
LsVs2zPrMsk,3
x2zlXZBfaHk,3
WUhkb1tzqko,3
S5TJ_gjjfRU,3
RKhLOg0cSVU,3
JvsvfUwGPZs,3
qmX4xBBxMoU,3
BjH3NjaFtgM,3
THW_WpHXvpE,3
SloytZM1V1U,3
Y-9tRNShULc,3
_KDEv9P40Ho,3
fAghGwf2SbI,3
eB1WPGWnG8A,3
BXimZHA0Hnw,3
NTr6DLysKGE,3
6SZXAMcHWVE,3
mZVmn0ZmACE,3
usSIg3xcoxI,3
zlVFKQ-ZaG4,3
mWbo35PwZ4o,3
hIznPU9Z11s,3
gvHQHGy7cP4,3
m-6WGkQd2rc,3
Hn1lSSNLVa4,3
D_JWpcsIAXA,3
nY_gOeUEiso,3
-bkEzP0x-F0,3
KjmJELPkIRE,3
hpjmS8COaHY,3
yN-0tIFVkuo,3
wAOyBXidF40,3
yofH_pZmQ5k,3
RDMfROpx8-Y,3
uSBnGaYovVo,3
YArjPLlHO1E,3
cAV87mzTkGo,3
yjmbNyQFuZ4,3
N1sCNkkoZ44,3
5mGCciWtOvA,3
zrmJrJRcVlY,3
jmv83298wzM,3
Gq6eTKp7xrk,3
-fNK2R5FCAk,3
O-tWAkTe4io,3
LP8SMOIVd58,3
0SbKsM0v-_s,3
oY5rxcMozsc,3
jbRP5CO-qLg,3
LO9-OW-8TY4,3
aTvdVKmduXM,3
64OtV-BAgpQ,3
03klQEvHbLw,3
OgaWohiU1vc,3
tFa-SaeLowg,3
iZ5xpBs2JOo,3
kQseDxVUBpY,3
xChS0ZlUXGQ,3
RoUlcvW0LLc,3
Y9j0pfyxqyg,3
wubgezcgr24,3
8K8HRFwp-4s,3
oRqvmGzCNAw,3
T2mJJ0g5jj4,3
XO69lr5Hr7c,3
G7p_sf5kDmk,3
j2ArOHqFGOI,3
KByj5l6GrHQ,3
QbrHhSj8mmY,3
-WbVu17WDQ8,3
g2pN2I7Fa_o,3
sBBjIUA7RSs,3
3InPDyRa5UU,3
TEr77x4kUJ4,3
wkZc3teQREk,3
jXwX-G4s7Kk,3
TBwFmDMk26g,3
2tBHDN0vbrA,3
r5-6H7MxFU8,3
wZNMAAgxMBQ,3
jLfB3AEqDas,3
63ffLzfEGwg,3
iCtkVeKyFuo,3
0zaPJrLxzfU,3
k8T64Oainao,3
WJ7UCcRcGpA,3
7ireXSvaro0,3
gu30B7o_eUk,3
8qT9kPvuisk,3
GqJ5aADP-3Q,3
rs6sg17dVtw,3
vj0jJ3Xh2Ys,3
XwMSRnJjAD4,3
hvRguoefGY0,3
2QnrIv-gSEU,3
LQPpOPLKL6E,3
BFhV1mCA_sA,3
fBN2Ycpg8kk,3
-5m1cUE679s,3
UINnRP9V0-c,3
kQKAa4wALdo,3
GdXTrQmL588,3
feDGmqtCW5E,3
1iYFY2lUfW4,3
j40QT6dnI9o,3
vjs864CnKCA,3
WcSfYFoiwxQ,3
X5uXcYL-fok,3
5g2WHsbIeGI,3
kVIcXjGvNng,3
jh3pCg9gaWM,3
00ezDyp97_8,3
MIsoQlJtIhk,3
Mgu_cZytQGg,3
jAO-QN0ji20,3
eQN4QHiRNk8,3
RQX_droG3I8,3
KCm9DSbejdU,3
yFpDsLeO5Oc,3
Jzzrk03yO-I,3
5TJC2jVFbys,3
U8L5XHLQl50,3
MetiR_00zTo,3
Ei-EORHgao0,3
52-bJ6PvHJg,3
KlOB-o5HH6Q,3
uxx8MIEy01c,3
rQpc6_-xNUo,3
86sVQyni6Hc,3
eA4RF51azdo,3
12Z0IRhblzo,3
w4JzYMcTY6A,3
cqwKOGdujG4,3
SzbJnvYRnWk,3
m3PUvJYnvGU,3
SVQx-4WwfM4,3
m1DgDik4_Kc,3
m_QGi2fpiVE,3
TNDkhbu2p8w,3
TBPuA8pbi_k,3
LhyGktnH9rM,3
gNVGWOKn3hA,3
f4iygtxN3RU,3
vPYEaxSOl6E,3
36CbQmWvm-U,3
oSOzG7kdywU,3
wRVMBra3mIk,3
LS_U-ilkhIM,3
PYpuQCSXTyU,3
75xAAZVNLcE,3
H48HebP2ONU,3
Frl-o6efKB4,3
GtsLxltJ5zg,3
-yHwBgGGT9s,3
VUrwgtQpjY8,3
4B-wFx0aMlw,3
1bxB--BPQCs,3
Notlk5KOU4c,3
0c_mhrB7LlQ,3
3_U2Mm-PZX8,3
95QpJScedEM,3
9HFDW0x10-Q,3
IJ-nWpovBus,3
bKdeqeP7VU0,3
b9Wlei7ZV1Y,3
Z-Vuw-burI0,3
S6bQibFNs2E,3
TJG4aEtKeUw,3
Yxs_mTRjLAU,3
Ani_6IRV20A,3
AbqNNN4XmGs,3
z-kWZIBmdoY,3
Ycym8i7hjcA,3
e8eC0Z8hgAk,3
LeMVDuIO3J0,3
_wldE_4xjVQ,3
mAPBm_0ftAY,3
-h5WrWncDZw,3
5fMi11M1Umg,3
wSV1UFbhJ-A,3
vIJ0qzZjoOo,3
cLqSPKL5JPE,3
hLQpTWnV_gw,3
XimptzPmSkg,3
CnNT88aISu8,3
iqcjpwAHsTQ,3
x71MDrC400A,3
g125PzorxBA,3
ybl-u1uq2Co,3
VUgg4aYHcm8,3
HoYoC9My-eQ,3
kMbpG1WiuSY,3
7ckK89BBI5w,3
-82y4Uf7k3A,3
Bpv7Np13-ME,3
CetcgexBa8Y,3
0J02lp13k_k,3
BCpomzO2bHw,3
cCvcYt0YWhI,3
k8gFOKTy-xg,3
2KMEBeIIJQw,3
6zONi83KATM,3
rXGKoLaZloM,3
dIDUwTuZyWc,3
h8eQIWUQGVs,3
_ul4Wympi3I,3
YeVvtyn534o,3
wxlpbgWW18M,3
N4Rz2ueqEqU,3
45XeSrLFPYI,3
2ATYItnld6w,3
RNWJrEndxjU,3
I33pwcyZzyU,3
KLie9e4I-gU,3
WxR8QHAZPtk,3
oSmJ-WRJkBI,3
Gh0bczrw4NU,3
919qvrvZKIU,3
IH7zUpvmA7A,3
Gf5yl5qC7p0,3
d-vB8qdNSYc,3
doZ-Wmgrkfs,3
MQ9V10MrSzw,3
KPFnsEfC8dY,3
SGxJwabyoo4,3
Uw7FaBM2ayo,3
uhKnq_VhIX0,3
vc99nX_eN2k,3
AMq5NLVLbRM,3
0qpBRf6XNf8,3
lRgl6K1Qecg,3
lbuyo8pr7dY,3
CiVtoO65BRY,3
TDpxx5UqrVU,3
MV-tUAa2Uz4,3
fFdKbaWHlLY,3
W9DST-6jIBU,3
WTn0hRqiM8Q,3
niQ0LVVKwns,3
32IJu6cW3gc,3
1ETosMXrRvc,3
kgN6mFNzOb4,3
E6ln9vj7rVQ,3
CT_al4KI-V0,3
JSXGagNzNLw,3
S2jlCx_xqFw,3
yUPqZGQyBw8,3
1rgKwO83I48,3
BUS99d4NIHA,3
b4vTZx_AtHk,3
r7IgrEkxIuU,3
p8qbbrxG4_8,3
ujLLb-XphE0,3
u_pVLwpyT3g,3
LRLGBw16Gko,3
AFxd1vH4Q5U,3
BwHw4pDcGns,3
D27GebA-xdk,3
0BQzsNatQOY,3
8DarIeCtXto,3
OA7Rw7sngHQ,3
An4FZpe-eQw,3
iEDJFjAD6kY,3
tfMfkRLPXHA,3
3zMqQNCmFQE,3
MBdR98xE0Sw,3
Y-CsIqTFEyY,3
GvMbLvY1XuE,3
OnFSBEDkhYk,3
jPLJbSp6vKY,3
yAmGdn9t5Rs,3
_w6-iHbtn-Y,3
K1x2Nox-f1A,3
gFm3brOdxcw,3
d63CSqjM44k,3
SsoAx-U5ETA,3
7cHLxfaEh5Y,3
D6IJvakkJgA,3
d_vQWquKtBg,3
m2o_zW1_MEI,3
BCFuE1tlqwU,3
1FjYXY9rwDg,3
6m_MXIu4AS8,3
1CWZZZ0-3UU,3
4fSFGnV1hrU,3
ksSgECyOlKc,3
GNBNjWiiuPk,3
BP5vC8Pru6c,3
PzfVEb06U_s,3
trTazL0S_mM,3
Jm8wdzLUGt4,3
RdrggAoGscc,3
lxpTj3RM5EY,3
02pyx-3Oq1Y,3
7YbXYtn_Yjc,3
lOieioIbVLk,3
FRDNVFPkORc,3
hYm3uotDYT4,3
Uv1T1HHg3nw,3
1dKPhUv_N0I,3
5znXvVP9mqA,3
PWeHsPBFYyE,3
-x_bnNBRkP4,3
BS0lcWVd6mQ,3
ykSxQ0Ne7O8,3
fFSpkrAWOdA,3
pf1wkPrwK28,3
ZMywJ78qRO8,3
CUrMg9Ndrgo,3
Wjw1uRDH72k,3
neLUKLkff7I,3
pyzaZQ4dUrE,3
XA_rIb85ihg,3
omjLjsnvCEg,3
xCOfWBN96ks,3
wdRlfNpKMkk,3
ZS37E-0yd_M,3
-xXdHq2HeRA,3
JTYE74bOKFs,3
RgMTZQVo7_g,3
DDXwDqAtSI8,3
HV6LngXdc5U,3
9N85ZQlsFoM,3
llaFy1cqwDQ,3
D-PYPYrbAZc,3
WuRZajHvgKI,3
yVEenf3Zh5w,3
7Y9huvTyNOs,3
sVBoEx9N5_4,3
0B7FHC-UmPU,3
JV_JwepQERg,3
xLimzadAw7I,3
KohAU6PwePc,3
c2cMPIwNaz8,3
4eVZj-OLZBM,3
DJji-EiXsuE,3
q9dJwG624KQ,3
G41pqfZ4dqA,3
eZaJKQBf8vg,3
Wr08Cy1ijfc,3
2_p-gg1d-6M,3
FkrVY9mruEw,3
Nt87k0_MHco,3
VPHsJ0QwdD0,3
Q6XGF1X8uXA,3
Q5qRhEPuGec,3
yM_UtEuF3xU,3
MdL1Qv36re8,3
pVnP6wNKqWU,3
PIG0pSBlk4o,3
7EgBJ8R1VdI,3
ZzW97cIDe-M,3
RBlkulhtIwI,3
1RGN5RUO4sM,3
PzujvdReOm4,3
oC6iTFsLO2I,3
LJnH5erHrDg,3
LRr30WzDC0w,3
CKteiz5aCcU,3
plfFWDOZqHU,3
VddFcAskneE,3
PJ8ijmxsyGY,3
5cmLlFvjIeI,3
-Fd01NwIuEk,3
5cCCEYCLmTA,3
u99NK4yx6YY,3
vox-XCECggs,3
Tsnaq9XYilo,3
LxY9OSJ5TIw,3
grFqCvATgA4,3
y00kF3eWdM8,3
qDBYd32c0eU,3
0jfRz3qbhyY,3
3SblkYGn5cQ,3
2u3z4l76BkI,3
ldF7Rl6ciEM,3
XOU-BzuG-gU,3
SAHvl5w9y9s,3
FIWQHK5LzNY,3
8H34dmxRgpY,3
KHrzBUbJP9Y,3
TMJG5by9EB4,3
rplg9xUA4fQ,3
AtgB-_7A7kg,3
ghCLATawpUA,3
uEl2JLYeQE8,3
VTyDx3XZTnA,3
LqT_6LpLTa8,3
c-2AAF8sHe8,3
HxPVaB3seco,3
mZKYL29HNyc,3
GAU5rh1v1zE,3
nisouGqOG_4,3
PNU3rn1fT0c,3
bua7zdEgIm4,3
LCmRkr4Uzqc,3
sADikdM-VOE,3
Okh0E2FXuHs,3
xJ1Zh6WLcvM,3
WaRzZEL2rmo,3
hyUUSXfcVa4,3
WUQ9rD1ArpM,3
ZDwMYCi8Q_E,3
EkYmA8CEkmc,3
5tkqY2FEuKY,3
67x0r3hHmP0,3
VEAO-RtEW94,3
LaosUkZyxcQ,3
7VKdesOWJoU,3
uZ7ZuRLtJWY,3
UKd7SVh1_d0,3
WrG8oXi1Ze8,3
-v27PIiDaRs,3
n2CrplVM51o,3
adnWslECXnU,3
RFENwtTdcqE,3
K28UxAm1RiQ,3
0s-GbPGkB7o,3
XfWoKU8e8qs,3
V61Xqtyc4Ew,3
8C6m9kLMnbY,3
b0H3dCS88ck,3
CKc4Cd3--yQ,3
LE-hO3z989c,3
ZpCTm-sDFO0,3
Ag-bo5qZCow,3
aPpEdr-CCPI,3
12V_C54dyjw,3
cCHOI39nJPM,3
gruxiih9J_k,3
ZoQqvKeVQz4,3
KL85-ZxMiaA,3
gq9n8HfqTS8,3
K9N22w5mAMs,3
UcKn6ZIuSIc,3
J3y8xkhD45w,3
GVtvPzvSo7Q,3
FapsNTnIe7s,3
V3IPtgF2bek,3
Fbyd03lP3K8,3
zvz7K0xjl6U,3
FDsZziOTIpY,3
hpBm14B0fFQ,3
KGsl5DYJvuc,3
btB8WhmUmTQ,3
fK03MguHEeI,3
_py9RzuCNz4,3
0yIWz1XEeyc,3
Dp5-RSTzh-s,3
iQfawF3HR2c,3
1a6Nq4vLGWo,3
fj7bCs-PmmI,3
vrlOMJKTTgc,3
b9WNzyo84os,3
kQUr1wtxsvE,3
K1c5Bp3nSUo,3
lipa6JGLLQU,3
O99QXz9-354,3
Iqwra3sUtoM,3
ILPK01waiv0,3
Lg240Yj859o,3
_00dfhsp8b0,3
SawbLyeWiwU,3
-P-UzDXJxOc,3
nDkKCKAkWos,3
CbOsXgWzG_0,3
CDgxiE3vlpU,3
t3M-aZKB0lM,3
Rsj_odGNHio,3
tu2UqfjLe14,3
uLyMS5LarAI,3
XEUshdGa2pU,3
51IY9S8vLJc,3
z4velDiWpWU,3
U01fETinRCA,3
IwUpbFcY3Uc,3
A3doxMWtRLY,3
0CvzByd8e38,3
_M007Tm0S1Q,3
yol-jKaDPpk,3
3g2nHaRPVQI,3
2E_K7LzkNBk,3
8uYuP3HKNWU,3
8qzU5A4w2j0,3
WOp93TnvA9Y,3
KBWWflq0ulg,3
FtJA0Px7nbI,3
2N0Zfa2aeCU,3
wdb_yDZQvK0,3
7WAqQB1Z4ww,3
BH8PWy--P0c,3
gQtIiWx6nEA,3
KZIsAuabFB0,3
Q3sgdk8OAYQ,3
AKNcIO3mum0,3
d26E2bZFuic,3
g_PuA2-i9iI,3
OaN-efs6UKE,3
b_d5kEA5tKk,3
ngKnxpcUAYQ,3
-2PZM9tL0QQ,3
ohELtr_7XE0,3
UoVML1-hp5Q,3
wamhG3oTGbM,3
tLG0ATSTjK0,3
XCRSyxwE9IY,3
OSxO1sC1Zfw,3
3nZQoNtF_Y4,3
H-QTtDK1r9k,3
rKgNJTm_lvE,3
wqpTeWsKdaI,3
epziREoUSnU,3
3lXQfzQR1ZA,3
ewWQnTc7ZFo,3
6a_segPSRE4,3
UqfdfR5soBY,3
EnAD5yC29bc,3
CV7r9O9AbrA,3
h0CaQYFZv-s,3
2zwNHgrhHtY,3
5Mp8PNm25gk,3
WfViGoztDOg,3
YZ5eljbgrtM,3
L0vY3Dklrn0,3
2_kSj6z14nM,3
mk-XtxYOUGU,3
2D_7kj1rkT8,3
iWUVFPHjMbs,3
yqRpi4ybSkY,3
hIj8xDqELKc,3
nw1nXeGlptI,3
KUmGqFf64_I,3
2cqcivfiqY4,3
FgkEMIvpXRk,3
YuwBlgQ0Ra4,3
ZhRiC7BoryI,3
hz0NyyxUfFA,3
-QTNds06nS4,3
mw1S0-a29VA,3
5ZItHt1lnR8,3
DSiDlWb71w0,3
dqngRgtfG9w,3
ch2T2cdGFHs,3
TBLKfhJn-00,3
doPC4PAN65I,3
VazkMsdcvoo,3
6R9nMYDtTzE,3
wxBm43nkJLg,3
NBFjnj5QMAg,3
gjyLsrwRzhQ,3
LvTVJPcDKVU,3
3i_8Z4vnxqs,3
3gzXewgAV4s,3
Kft7v06cEQE,3
Nrn8aTlT194,3
rnTBENgVkoU,3
x-jJPKHm2VQ,3
N8vaJaFCFYA,3
AJQ2bGbpyoY,3
4JddDkyPW8E,3
i2DBEOO3-L0,3
lt0SzN02tMw,3
Fg8sadUPg1g,3
XMs1NWJpYf0,3
m4XahX7cuU8,3
LB-58zequ4k,3
VQl_RZzW_gM,3
hVuSo_rEbrE,3
NecTzgBvGMQ,3
3WrupYPNFkU,3
q-HeLZ-QIFk,3
k2yZ6RyuWjk,3
Vw7mhAn2H4c,3
sxZlCzkpic0,3
homtQ43rY18,3
PHdqLE6wC0M,3
_kU7IMlvg8c,3
woGAz-DOXSk,3
ilndMxn-7_o,3
p2veuzTsqio,3
57nb0sWxGQY,3
o0bpzuComgs,3
zFb2rScJUn4,3
mXao1OAPdjY,3
ujk4k9Zvac8,3
19BsY3YNu6o,3
yoEGqxMi1_4,3
54278kqIWPA,3
IuOhNspH8uI,3
T4Av9Nmu4fY,3
PGUUnGyK60k,3
1bp2FlAGVE0,3
PBHf62HMYZ0,3
trd7cupDvUI,3
tXSAiVBDYKc,3
7sgHIrts8EQ,3
rrXSZR2ZKic,3
yUAVD5BCymY,3
V44fPQPjKjI,3
L9UiRmQPKOI,3
unebRMHSzUw,3
wqpqtlaiybg,3
OSm1AvkXcTA,3
YdlBLc59p40,3
DIVCOnIsiSg,3
DJlILDmeoGU,3
Dehn1M0rTDk,3
1l9BdEaETvQ,3
RPZpxoMxF8w,3
QwJzs-099n0,3
KPv9ttFKA9Q,3
eC5ful9KmPg,3
Ek9-nmnOCEs,3
pWdP4LLtXnE,3
ya_yNIIB2yY,3
LRpGABGQdG8,3
6I2u9925L_0,3
jbORdV_wrAY,3
Kpj5-2iKqPY,3
qfJ3BBR4iJs,3
RRrFRoGfXlQ,3
CvqTf0pUQps,3
dLW3TItEQ3M,3
JEHM0G9_-y0,3
fW7k6A8G7UE,3
A4fzBf7TG8Q,3
rYFdWPlJvBY,3
dyT54nhCC-A,3
lKyshp9gAoM,3
1MQEoO29YNY,3
AGMmw99T028,3
53K6kgKbbmI,3
s1zxuEwWEz4,3
aJX1lm8-Plg,3
Cq4uofaCcWA,3
FKQNV0lwXI8,3
kplCwKkx38E,3
uX-m6PNtoCs,3
9SMAviS_ZIo,3
sG0FOO8XOUk,3
KwaerD8rzFI,3
xFp-7NvJZNA,3
nQ4a7ppUvCM,3
lbCLqwITKyU,3
y-XUVNTajak,3
b4Qwun8vmac,3
q1v_shnY6BM,3
uujD_nqCdGg,3
lpWcSdalgdw,3
PK4zgEEqirk,3
BcgdkW-rQmo,3
iE-DWLOolUs,3
SGQGTrzYsnc,3
je2XLen4ilQ,3
tnE0Q6yFtqg,3
wgOQf4M53nk,3
NrrpqMNTdxw,3
ZrXNDbZF-jw,3
rfRAiM0hBn0,3
niBkjS6MJJg,3
MKPPEcLnCgA,3
w3pOrBrCrh8,3
sqgxnJg4D_w,3
zcBmkEv5J9c,3
cgT5aa74KX4,3
qsR2tPXyPbM,3
gOOcGF72bdA,3
70tbgwPz76I,3
Ibxq6lpqCSU,3
vYW55YpPv4s,3
IuaAhuQ_rvg,3
dD32jYj3ZXg,3
9IMip89jp_E,3
GQ7wrdRZuJk,3
fwTnW6ur6qE,3
-XPiw9PC1Cc,3
gsmmztEDJ2M,3
FFMBmnQ4XeQ,3
-6-xokjS4PE,3
DpGsrIEZURQ,3
8FgCLilQkJw,3
nt2t6lmji0g,3
d-1YeOw6G3o,3
NhiBZ9_t8Ko,3
KsI_gR-H4JY,3
F8OualVIbLY,3
SC5QY6ALOMs,3
hDIQ2BjR2mQ,3
mOmkAVMaVUM,3
wjljA4Qv_io,3
GbeamfCxI0A,3
wAOEkTEuFKo,3
WWaqudptwZ4,3
sMaYWp2cF74,3
Cdr0d2iRkA8,3
hoXThCb8EZA,3
hAeiWm1v02M,3
6BetZysKy7w,3
h6MZ5-KCT3g,3
mewjBKiBk2g,3
zqLU9FUXNZQ,3
iZxj_po_I4A,3
hRkntlJ9fEI,3
M8m1spIRVUw,3
A9VIG871Pf0,3
UnGdaIZX8Qw,3
3YpePBfm9OE,3
WPcQc9-_Tb4,3
SqkeGDmXHbo,3
jHkC6UJlIaY,3
Bq1IRZbyU54,3
MOBtG40b3xU,3
adHXD_7-RBU,3
6KaV-G2kY84,3
9rcwx19TDlQ,3
zcprZ26qhvQ,3
RcujVF9a9vk,3
VnplWKr7sbQ,3
zdDqcSezEmY,3
5Dm7yVTbJo4,3
q_SNmZ0xpBA,3
J9TH6G_1uE0,3
-CyKLByK7Mo,3
0RC3SxN3Vuk,3
ddNM-yJXv0M,3
4GFRCx5LJHI,3
BY9BHwyZ9Mo,3
ZF8L5PfTRVs,3
VgB0F6m-TaA,3
wxSDfK2mYdk,3
144Zx80S2fc,3
buS22r94_gU,3
ytfG0krzWX0,3
-FIU4n4w7-8,3
Jmg0wq15IHc,3
9wBC8kY1tiA,3
2fpp9Zx-uZo,3
SPsNBGzcfMs,3
NqP3mJ180Fs,3
Ifu810VcU8c,3
7Njg-WIGN9o,3
g8XxNqgx9C8,3
6SSfsvA9q64,3
hzyOP7Ron_Y,3
jBHItNMG9Tc,3
rQ6WWiTZly4,3
myEVWz3cdiY,3
etUvU0n_908,3
aFxo4uCFWhY,3
f0zZ5Rsraj4,3
slGaLyzj9Lo,3
fIPO_wKgHEk,3
0yEqvuPLYqI,3
k_q0WLbOrIU,3
DFHKdZwFKuQ,3
B2oSsJPIHAM,3
TIIb9rUYWJI,3
u3w8fS2I6C0,3
wzy59wb3JvU,3
uyB5JgJ44sI,3
jOUfD1lynxY,3
gSTigca24XQ,3
-U6j_5C5tsw,3
3kwKVh-RLu0,3
Q_6hCbAlAdI,3
D79LnN5M1Kk,3
5HDKsrZBhXU,3
BV70atC5EbA,3
grXll_0lEfw,3
Yz2W8JgK76s,3
6zujxzbPy2w,3
imwQJq5OIx8,3
_ifB8iXfQUk,3
NQFsitNcdtI,3
LDuqTuJYS4g,3
ixTSUcRnMNA,3
6paNa03tnDA,3
Qps36kn-C9c,3
RbFxxOqvA5s,3
pyncXIpMv6U,3
kYNEiTNt5mo,3
1S70RdwWKYY,3
WW-HUCg3Ko4,3
N4NHSMcnSd8,3
WPvVwqinvyw,3
HoFwLxKJKMI,3
7cr9e3N6HEw,3
JKlp7Io2v4o,3
omIteQvG8Xs,3
7uHG-rEsUdE,3
qYGNP1xyJAU,3
JLaM77dHa1U,3
6d9G6aqbOdQ,3
0JWSGBSjiLs,3
N4pCqA2Zf-g,3
4zHRO_FeKg8,3
hRKIDk_bj78,3
naWu27j9HDw,3
TXTlWFWAIeI,3
cjW3uoG_Wn0,3
r-1CLuR0iz8,3
GMMMby9FEWU,3
MtBTwlABOeI,3
4rElX_drZWI,3
ntIZzXqWtzM,3
yHzKcA1NfmA,3
a5viaYdCk3U,3
UDkNKAtDSo0,3
Gqw99bi9mVk,3
cKmNB0HBVsc,3
RoWoWVPFmb4,3
zl9PycWc1sY,3
6Qt2HRRlgAI,3
FvBLPiGwIuo,3
euucD2YJq4w,3
GMvpfrNm0T4,3
WaznkI2yF7s,3
q5HoiYJKuG8,3
UNFWkXLwv3I,3
a9HcbfGMffI,3
GaLa8oKedy8,3
QM29p6UAFAg,3
HFi_3OowMQo,3
JYMRzLaRU_o,3
y50rwBtiZBU,3
ujk3Axn-uS4,3
IYd_-QPN7T8,3
dzVoupRSDnw,3
-44ojNc0tEY,3
DJB9x2IPx8Q,3
IMw0g7m8IVE,3
kqFibgF2CKA,3
BnEk9PkMu84,3
81fNYPl9I2c,3
apTn7SjDXGc,3
FohRp2xftn0,3
f56yppDNO6Y,3
rnBhSm3DXVg,3
bN6QZkD3xQ0,3
EC5SVAW5EwA,3
d71TrQZ6uxc,3
3ckOdn3ERc4,3
OOEHR8O9iVg,3
VP3gLuBLEG0,3
Vp1sLbpVKR0,3
hlj0AFUio50,3
cPYYnzCqt4E,3
sCLoIorYguU,3
An9SUPk2IeE,3
-omukX5ScM0,3
ECzkQCAdYmc,3
7en-XNGvXw8,3
LOLiBG32IC0,3
uHJA3iXelRs,3
vq_LMqzOtNk,3
Zl3BKsIgRek,3
Toa2AfTBenA,3
sIi5ioZtRRY,3
A-0sfCGDh8s,3
eXj-xbrFqtk,3
N3N0wG32ts0,3
5RyHpxjiXsc,3
KJPutBbJhgY,3
XIKV56NmTkg,3
mkaYMhSUIeo,3
3ytQfVMFefA,3
kn4Q3X1Jo6A,3
0A4D7v4ndFQ,3
823j8gQHJMs,3
O7FZq9Rf650,3
kLlJRpBIHUA,3
9enXrgya4lY,3
iYMJ9yXVdjk,3
eol8fvMfENc,3
a8W7hTUfIFg,3
CQDxl2-6RDo,3
gbLQ7EQaC48,3
K7KCdNy1mmQ,3
oWI0yydiyzc,3
A6yavBEgYLI,3
dzHZxuX8whc,3
qeYOBM0wulU,3
nI3KgyM1Fmk,3
RB3mNVU91iA,3
Z_aRPLaC-wY,3
u039uPLFvuY,3
4IIYfLiqFAA,3
966VnUvGtZ4,3
txAxRDJhZfI,3
__q2e2yNWg8,3
OJA7nDj-lRg,3
aNJKrXWbX1M,3
OzUrmANWrC4,3
vqB2w50VuT8,3
DRAgjTMVrW8,3
Zc16ydZVimU,3
UEQteuGabso,3
cuyuJmEtTZ0,3
42ULjmcc-E4,3
oT5ghz6Hot8,3
lIHI7NbP1jw,3
B92dh9CIA-s,3
uMyaJXNLNNI,3
w-GpMJAm_CM,3
0yX6ZbXfyE0,3
7b7lzbchyJA,3
2KZHjfvLazg,3
qV44hCuLZq0,3
UVYIWMSuhSM,3
QFj_fA12JhM,3
EZgw0rY1408,3
o51waIHWzFA,3
qbspFoRnNCY,3
5UwILeYXZlI,3
MKVi8H1AQGs,3
NtQxuQUhPoA,3
hGWnONBNYu4,3
LJQYBBsytt4,3
dWbnI-Eh4mM,3
-NBfqtpJAoI,3
dJMDwUFzIHg,3
leAPHUnFbM4,3
EDAiYCdt0BE,3
c9ueVMFK-q0,3
mmIuSo-aE1Q,3
6xKjWlo_4ec,3
OFdeTM88Rxs,3
MrTDf2FUpU0,3
LN6ciwE_k8g,3
7Gmfl5Yfwr4,3
YLsTxLy0Rfo,3
GN5AL_Vc-dA,3
C_fu6iq_4Wg,3
h091VbfTDCo,3
0BBeXfBrbWI,3
TjrRxlAuvoE,3
U4LbxO_ln5s,3
JGjgMfFSmtU,3
ONroTRiyN00,3
4cQJI4yF3_4,3
LaWs2QX8zV8,3
YSbcip8z65I,3
VEmXmAY2fOY,3
AftRZxJGfO0,3
9rjYX1tYx1w,3
7XNCUSLVPnA,3
U8geRS1vr1E,3
YUMTHmcRDTM,3
QOnN_EyAIlo,3
7CgIa_y8C1s,3
9fbKI74990k,3
--sAv87oUUw,3
mYOv_c42jhA,3
7TrJsm7JUfY,3
BgY0lCTO5x8,3
11gFIb1VsyU,3
x-qhWMpz9iU,3
2nWIx53xZmc,3
YgGjNQ_hhIQ,3
2CogAhpdNDE,3
DWI6-SdOXPQ,3
OM_2ROeq9dc,3
cvus55eDSCk,3
Rp9c8ES-2Mk,3
lrmU6S0ir4E,3
MLenGzc0w0s,3
TIVVcoZZoF8,3
__3MOaiUJJU,3
N2PdAbHmEis,3
ZW-r0VAimTU,3
pTh5C8tZn5U,3
TJUDVdoX-hY,3
Yf2cKeqMDoo,3
GkFctTSeilI,3
cM1Fl5-ZCIk,3
AUCh-xiETeY,3
7IPsLTuDk1A,3
ycZEJAFWRU8,3
2boq4DazfZw,3
96Z4RfMj31c,3
Oo48JIWPMEY,3
MnsIPwiBFMQ,3
CQ-8aLuVzeE,3
6UMdeXPUCIQ,3
_WD0W4ry0LY,3
eI4BY5Sd26g,3
JHCZDtzfT9Y,3
W-7GXr5og88,3
SJTitHhM9RY,3
k6Y-SL8EuPE,4
OLfaS_GXVj4,4
GIpqT_VIpe0,4
zi4WawXY7uM,4
km1PIy6bm7w,4
f7FqonfShPE,4
BfrncVDxRI4,4
e-YaltmmA8M,4
r4mwkS2T9aI,4
Q078CfUOy-w,4
pRfwYJY2mbs,4
C7xDzYnst34,4
YioNHhDzJcs,4
deagjmSOFtk,4
Jn1dPnyWuwA,4
l0DoQYGZt8M,4
wGxT2tg4It0,4
bo8vFN8Lg-w,4
brabrV8fLWM,4
Ox8CKkM8_6k,4
Pa0V1nG6vog,4
m__4JVtUTCk,4
_HTXMhKWqnA,4
xig77hiUHig,4
a-9IZz8Ry5I,4
PgeJ0XYuI2E,4
AL_GHdjQ7-Y,4
ELo58FBl3R8,4
4O9dNuiOWDg,4
OJfOsoUYPts,4
TKGA7MhxPWc,4
MtUxFCicxuM,4
KB4_WIPE7vo,4
ZzefeQ0v5wg,4
C-DfipidnOE,4
FjsQkOt553Q,4
A4EKZRlpcIM,4
ZPY7dIz0GBI,4
4gIMEBJr4uA,4
kgit3fgWf7Q,4
On3FLJRYlZs,4
AWltq3HhoaY,4
L02MWQpyZ5o,4
7xRUyByNZ8Q,4
X3UG8V0JXmk,4
WI6VqO5bg0M,4
PbWmxChLAUk,4
iaEds0Wuvpc,4
rkbltjOT3aE,4
SxXNW9OSdJY,4
Pl4ut9sbnLA,4
FzD1T-BqfZ4,4
MotDjRCuU4c,4
2t_k3-8tw1w,4
JnJPYgI8yX8,4
ctl_Hz5xaJ4,4
XTJSm0hmZrE,4
5DpdkkG5FnI,4
rnSLVYGzHgY,4
DpDY9MQAJCI,4
dT_IICgxXr8,4
VHDd4IQKceA,4
RNFY6xiixQY,4
yXaazGS8hD0,4
Oo5LrZqG3yY,4
PNkoRHcMiY8,4
CP7cjfbXMxg,4
UdeysRYRI3M,4
GW5G2rqPNzs,4
i_PEEmj5f8k,4
g10RlN2xdLU,4
HkqhymcsiiE,4
0Tp3q52J6WU,4
BcruuWQ2_9Q,4
9Bmej8y_XP0,4
i6LkUEsrA44,4
jlQWiukF_Qs,4
UF_8zEsNabA,4
DA8U_fPESwI,4
bVslFpwbiWM,4
Pyw6ku64Jz8,4
665l5OMZE6E,4
V1d6a_1D2mw,4
vBG0-DIeiRA,4
9b6xkfToB50,4
IlWkxKRNTLE,4
TEXblhkBLV4,4
cZKyYAInc7U,4
RBbkCEHBw_I,4
wrusGIfvDa4,4
N3Dlpky9ey8,4
aGAxKpNWIA0,4
D_WfYFFK8uM,4
oT3HlxTDwS4,4
GLDv_4AnlPY,4
OogQlUnMF1k,4
Qflf-EWGqxg,4
GtLC_OJ6SoM,4
HJl1anvjXUM,4
hXKyEy8-1EE,4
dzQoQFBuqZc,4
DQhyrwruMYI,4
LIvea_QWF4g,4
jNzN3q-VgwI,4
9nhRViM02Mk,4
AkEb0sCe6gA,4
haDcbFjf3Is,4
7oHwaSs0HsE,4
jPwTTLMRaVA,4
O3XhlOvwOf4,4
8_-wiO-ncXE,4
mwsdj5p8KEY,4
kDGLhDTSOVM,4
_TkbmxuVtAk,4
--7vNbh4UNA,4
F7AL8LR9BxY,4
s403m3x8zuM,4
58chD_CEeWg,4
fEbed_DvQZI,4
qqPfEzlmJXU,4
eQUhsMxWyXE,4
Wh8TguitNFs,4
M2ISWKoB7RU,4
ZVfu1ZlBx5U,4
GICCYtWNSpY,4
SJjhENACpbQ,4
2jv8e9i0Ztk,4
flT2FbBswzI,4
GP9egt__qeI,4
ehn8mJ8vvsI,4
1s5IEqGAJ4c,4
6ZCS9trzaCw,4
TTCPwe_eaco,4
Vs73Cz8a1ZY,4
ah7LYxysuJ8,4
tHmAPWOo2jY,4
iyGI1uHyyws,4
0Ku_iNKOv38,4
gh8veIDL2os,4
anuJj1YPZRI,4
Jrvfoybj98Q,4
uwNKLuy-x-I,4
Q1qEkbBcWl4,4
VOochquOIoo,4
NLPb7p4R1L0,4
VEDEQDk2rB8,4
DK2Eb0WroPI,4
mvmKC3mx3yQ,4
f5UVKnaCyhg,4
njF1S4oQbgs,4
BUfl8XW5K6E,4
vfAMdKL5uU4,4
ROc5_aal0Tg,4
pY4HRW1Bm74,4
2x2NomP0fd0,4
wx2pPzIvpx4,4
KrsjNuWMm7g,4
iRPDGEgaATU,4
DnfhD0NG_Cs,4
xTmnw1EYweo,4
wCzn6xqTTkE,4
ppcYoem3URo,4
jXZXmDiDRl4,4
An6YxxCorhk,4
gG_XI2jXMKs,4
oUZMSnFE6Gg,4
U31cQJLi-mQ,4
rzOWkdVgL1A,4
kr_zxlw8vNM,4
8OmNavO4XeQ,4
2QK6Usg2KT0,4
DbSHS3Oh7uE,4
2uTabOB3wac,4
RnF6wk3F36A,4
8ExgCZZF5c8,4
DOUsdo9trm4,4
_ZzQMwN7Us8,4
9XECZT42Ef8,4
8TXiTe6tyOI,4
fpCXxqiTjqE,4
6lXvrQzUhj4,4
n_O1tkF71s8,4
E4vUxVwb_G8,4
zrHecEkbcDs,4
dTVfsHx2KnA,4
031UtGzPxXY,4
zJcLVdnpfk0,4
xMah8FE7qzc,4
xDM2Bv0vY5Y,4
KA4qD20VgAg,4
wowWHHmX5qU,4
mOFIbSaFbp0,4
rPgYv6TFx0o,4
1-JvBcjQx1Y,4
tpa4kp4lK60,4
2X33X5jkzPI,4
n-Fokafl-aY,4
u9pkjHWAZLs,4
apNOankkG3A,4
gTfPkfE1Lxk,4
hmNs9_kyHB0,4
zlAqizx7Lf0,4
NgZM-05i6kQ,4
pj8n78AuN3w,4
f_F0ZZbcugc,4
OGxgnH8y2NM,4
tAT9vhcmdSE,4
aZmlS7n7Re4,4
FjjsH65hpNc,4
HHRyvbDcVGU,4
pCldXyrpOVI,4
2xlc0DOcQ-s,4
t1VaU-4rwCs,4
lA9gtTH6pOY,4
cUXbQMCHds4,4
PxezZjDj8nE,4
FV7p3hduPG8,4
zwebE9HuX8Y,4
oPgrh1tq2tw,4
SSY_4HhNqos,4
KPfevANVeCE,4
wtZFfEuUKNw,4
iq21YtPUw_Y,4
nFBWvd6ihjU,4
eZ7pGbT0foY,4
CUOpwbiHfns,4
VvaxkpeSg_4,4
8qGCAE1jte8,4
l_wFE9kHSos,4
LO1mTELoj6o,4
KW0eUrUiyxo,4
mjvmzoilHJ8,4
ZmD9RkCJgDI,4
wvWpdrfoEv0,4
R9OHn5ZF4Uo,4
aVrMJUZcN4o,4
YWr2yyp-AZg,4
Fvc6dc_qyMk,4
3Mn1nOkh_xs,4
sT57-JICbtw,4
g954yQFc0yA,4
Fq7_G9pxGeI,4
FT7fmautjlA,4
J-yRXGpIqH8,4
J3w18eCVIGk,4
aTpf-Y63cjM,4
HMSEO1MeDww,4
peGJ1CJXSv8,4
Naspy7fE2sU,4
HiDMbIvrSEg,4
-lIRPnQC3rE,4
S46OfEf7qgQ,4
tjQZ6ocODvI,4
Pny-CDEy4GE,4
wwsNgFBlzYU,4
pC4eIRTZjaw,4
GmmhQw2hmTY,4
4JOwoq2NI4E,4
6ojhBwoqPf8,4
bfF68u37a1k,4
_adXquI200w,4
bGun4x_8aKM,4
fZOyoDneG5o,4
bbiCzZ_PlXU,4
c2_VEV-rW3s,4
kGwWEcPKBfI,4
Af-ddMv2tkk,4
PdU3sJ6V7Ac,4
7L7Cc52iPLk,4
WMfcMMJZ-mA,4
Jk5zPWvNtnw,4
eFDsiYq7LDM,4
QEOHnfFVomI,4
FMABrdI_L8g,4
f_bg4g6B4Cs,4
qo3Kz3gdSJw,4
bp1KBTZFRCg,4
wZnLhtjp9yQ,4
lqBvSXD5S-w,4
x6XH9T6w8OI,4
3DYJ6LtuaRs,4
koxlBRa097A,4
xZQYvzbvs_g,4
zGIIxPveLHs,4
jzIgfu2xooc,4
RIUJzIenFyg,4
NsrOI-Vb-bo,4
pNqm8zCGh_E,4
aX54S7kXOWc,4
-KSYoM6cn1E,4
iuAy-xqL4H4,4
Hu7E_1wDQw4,4
9vuiFrFt4j8,4
6egMF_KJHH4,4
-wKofLj6_iU,4
3Jhm3QG9Rzw,4
ors2A2u6KYU,4
5LcVU3pMg24,4
kTJoXgaDzNI,4
jGwaL_akUGk,4
mMWezRjphW8,4
f8_-BWvwlBA,4
R_XsJxOHRn0,4
Og3ZZeQQEEM,4
vNFNs7uXlp4,4
yZx0bX879Xo,4
4LZ6j-zllZg,4
Yp4A8UNX7wo,4
rZIaL63mmrw,4
8Om___55L2s,4
uRfGI9jo0pE,4
kAZ6lwzYl5c,4
2MZuXZ6f72M,4
NEwr9PsWLec,4
VOFo6j9JbQs,4
JIjVYXG_JiU,4
yXMjPcg8Q4c,4
9G3-sPECBFs,4
YfUppl7SygA,4
-yFs0DMnKsg,4
kcO_rRYROJs,4
KpjKdNjEZTk,4
Blq61vzel_0,4
zcSkm-smSMA,4
kI6oRHCP7Z0,4
hU30bst_nwc,4
YcSa4UD_cpg,4
fDEonePwTP0,4
TmOIJoZutmc,4
5__3ZJKhnew,4
UNIC-5ybbWA,4
Z3zJvZMa9ws,4
H5p9i3JE9PU,4
07f6gX36Fx8,4
_LXyo6uG9W4,4
VAmaERuP8I8,4
7D4UItZXS_I,4
RZ_X4sISk3Y,4
7jC5WthlB_k,4
1_xJeyK3r4I,4
sIKVzGAC1F8,4
FiVXCAt5eZ0,4
zFaw0QedcNU,4
xmbmNb5Rsns,4
WZSLAGhbjxo,4
b4Co3A1N7DM,4
zrdex3cV3Yw,4
E_ysC2zUI_0,4
2SJ7TCnN-m4,4
Pv1kR0GneeU,4
3EjgWRgQU0I,4
yIl_CN8qSeU,4
oHOi9wnkQG8,4
W8bKJkEHouc,4
z8xhiUIKtQs,4
vGw1FJystB8,4
UpRgVRNBqIo,4
9VlFosRwBcc,4
_xuBJcZC4yA,4
x9PvuQ-d2N0,4
qraTDCFRdZM,4
Zq0fwq5gvpA,4
sSD8Z1on8-4,4
9oovb7KJhfA,4
uUQ0sbmP8bM,4
AsM4iBnx4dk,4
-rZyDdFvG4Y,4
fHCK_r-mjq4,4
uwioKI85SYQ,4
oCrcZz6_o2A,4
A8ZHZa6Mw-o,4
GJQB9b6VmBE,4
HhRhwzv8SD8,4
ooe7yHyhG1k,4
B9C5mryLlD8,4
BlICA4roJOI,4
jN8ToQgRhVs,4
1OcmMr9hHjw,4
rVfI5aISlrM,4
ipnLQxPP06c,4
DJdD_XYsOVQ,4
7jdH0q3Syow,4
xgCClRRbE6o,4
-EgC5_hV_Eo,4
GSVoC09mDp8,4
XYim148PB8c,4
n5fxYdjh158,4
Ec00Eqjq_zs,4
zPhcMB_EiRM,4
6V0dasgwxYs,4
qOD2XsJUYI0,4
RcFZYQ7GP7A,4
qyAuWzLIR_w,4
JeGUBWxj9lc,4
llU8Z-V6mzA,4
AEVhkEufXRc,4
SwWTBTokyew,4
nC0q8A3G7Jc,4
4oI_4yNWSIw,4
edh_DBc7z8A,4
Y4TbH1WKiyo,4
0HomVj4vc3o,4
CyfHWgdhYm8,4
lxniIBJ2uGw,4
E_mf8vpHY-w,4
PcdO8V0apfw,4
n2K4II8N6r4,4
WmJ5e4EB708,4
-QPs71CvFOs,4
SlNbUCJzJ4k,4
Xt8b6PvIt5k,4
Sbh6tbOrJCE,4
jiiobvZjSEY,4
d-Q6_ArInhY,4
qomUa6byw90,4
x_jq6S2sUYE,4
cHLSeZUJ268,4
UetzfYwgPTY,4
PWAT4GKps2k,4
v9-39rgMWeQ,4
aQirnwvtQQs,4
1Ac0CTo3TEs,4
nU0l184G4Dc,4
CZOzef04QzQ,4
tbXzbwkDjvI,4
rjqKnkW40BI,4
ATC7tyyCoRU,4
1iyc3X5bGu4,4
QG6BCayoGtE,4
NoEkihVeDCc,4
817klzVO48Y,4
1IgpKMGZqxA,4
fhI5Mk_axPU,4
OPIDj9rw0fw,4
IxqaVEH59HI,4
ZLwfI0Ph0JI,4
o6OYa0z_dsE,4
Dm0XQRkspmo,4
d3mcJMk7FRk,4
06pylZ0RDlU,4
23zz5bVwzdk,4
QXLvFnUkL_Y,4
LR5Js4chvG8,4
tpOKqvr0Yv8,4
CZOEY_ePDoU,4
uUlZEGC3c7Y,4
NCjlCSw8plY,4
FTyfKF0gUEo,4
vV4bhxFPSaQ,4
0_AOSKfR3Ig,4
rhXREkj1oaI,4
0KjL0OXZeAs,4
CGBAT6lxCxw,4
uvOYVfXp__0,4
t9Z73T2IaLw,4
kzqeOHeWOR0,4
QQ3ULx7fSTA,4
dBzLqZ1sNhk,4
QPtuSX5Ptqg,4
_rOYDhHndiE,4
Wblx62bEGGk,4
VrbcYPAiFAw,4
In1dJ3hwD70,4
Ugz1kFKUakI,4
CAkPjcxkkJM,4
_07dkMRRxDU,4
EZdPZM5-rCk,4
E09_vDodkx4,4
kWC9qbSvLPQ,4
fj3Zna4Z_EU,4
CbVOPcr6Ytw,4
qYFsmvaN75Y,4
eCEiabtDCJY,4
vsDKxCzxKYo,4
yT2CgZUA9Eg,4
POUJ4U5rIZY,4
lrjZ7nKfrkc,4
nkhe1cwHf6M,4
el19AOYMTIE,4
b0mPAPy4nfQ,4
Or1D18A8k5w,4
dcoDJGOmKGM,4
u6mkfqiZz30,4
IwvXL-8RvLo,4
he5GiH7z9uE,4
e8l9E7kzLsA,4
9T4I5O8vQfk,4
pYmQzw9tdIE,4
2Oer-ShfcNQ,4
5ULgUsQAq24,4
GJ_aqLVLyYE,4
jTBEoynd2uk,4
CAB8F3P8t7A,4
zlqSC8LV-ag,4
6P_2ZXjmNPU,4
bwsjaChXrOU,4
ZBIEF66lf5E,4
THmbnXENzKs,4
2lyrtNE8cm8,4
NhLvVAH8Hnw,4
VlGi6Kf5GQs,4
4OOCF2id_IA,4
wT04hM_8DoQ,4
RU5wkHcNz0k,4
GA7JLK2AzHM,4
EK6p2kCPr9M,4
ssyXn7gOnDQ,4
AYqG8QhAy5U,4
knIUivmC6WE,4
SUtFXUwekiY,4
KUfpIEiNRXA,4
NuGU8Sk7tus,4
ZlYbckF8PXo,4
YXeFQA4hKfU,4
cjaIRtWdJz0,4
OcCy31yDXoc,4
Vkad-8YoceA,4
s2pDKIiEPAw,4
ah0a00gZDjM,4
W8geoRfrTDg,4
CWCAWTVqLWI,4
GQELMz4zW4U,4
unk87qIAyUY,4
RW_eIWkHeBQ,4
71o8g30pru0,4
RF4_SMpb83o,4
KWG-_1pOQmU,4
r5Ss2jznfd8,4
Uw6Zlcf7uC4,4
Z73bskX3slM,4
NizeQ4ocQKQ,4
05-pcrM-ttk,4
NIU41MQdGAU,4
xsx--ju_qpk,4
AjgnfILevPI,4
b-Gm5HZ6FyM,4
JyWDCS0I6HI,4
Am9c6xXZ7SM,4
4S_FHurjveo,4
nW6oATQhMEU,4
x06Ewt_HOTI,4
G2zqHdEMEBg,4
ul5agf4WMmA,4
vyizmwMBRpY,4
cj4yY3EiEOA,4
BBjluXEQgxk,4
wff-iEMOKOs,4
6rtxAYmP2x4,4
ECpZ-sh2qfw,4
FVRgqXXjLYw,4
feprba8asKg,4
G-pwm5VDgEs,4
BNVKveJWD08,4
4vEfgLmChMA,4
DelwLOwkQxs,4
AsvgnWVMhgw,4
bswOrMlC0yI,4
8ibS2d1jq-w,4
x9Edrvf3E6k,4
Xpm6d9aYwhI,4
pHNCxPb90Nc,4
Z2Qc6WreImA,4
R-QVA99yNe4,4
EVf4irM67-g,4
-0jwGWiUg9g,4
1a-zLGbao9g,4
NKAjlF795CA,4
ecSALtnOTUM,4
cswEq3KLykM,4
OONY8O6ZhGk,4
bDLppFM_ey8,4
a2ALWE9pCv0,4
U2WsQAOrls4,4
Ak0aXkOJ3VU,4
GfGU_90XAik,4
XJPEBxgE_EA,4
H9R83uJdLcg,4
OtiHDohfsVI,4
EAgrQfKJScg,4
ZkITfpFkh4Q,4
pjaN_l5iwNA,4
4Cre0HIo_yc,4
JDaQY9X6qWw,4
GiyKYudRj3Y,4
3lpBdfEYuIY,4
J2HoPOHaF_M,4
QREWcgbMSxA,4
8Crws47f388,4
yMYymUZQAzE,4
UKJ4HMvBOG0,4
8PyL1-nTX7c,4
zk2JaZEh2ag,4
HJ3U3YxCsAI,4
7HnWz3LuOxY,4
L4NdE9oLfaY,4
zwAx_BrBbqw,4
w6gCfq28bBU,4
BRiuhGbXMIw,4
lGl0gWezyHY,4
fwIsJNgzalA,4
CdiTCCdQnAs,4
vhPHCWp0_wo,4
GAFyKtGtwBk,4
KYBPCcx7GrY,4
u30PCjTlhO8,4
9k-gkUKsUss,4
bal8Cazcn6M,4
q1vsMyjHI7A,4
aW_TAldPeto,4
ow6yyPUdPG8,4
hvqPJ84CEhU,4
2IIVekvzA_s,4
y24X4mfvZL4,4
LJd8aixYE5E,4
STKlBs2SIVY,4
_e1GTCbmv20,4
PUPCSxb72ac,4
nJaU-n_zD_k,4
4hVlQzPSY_g,4
iptFwWeAPpc,4
Pv5U-AbTJ2Y,4
z2E0ZYOzuWM,4
Oo-e8sSE1zk,4
WsIf7cH0gqM,4
H0yXPmY1t7g,4
jfqkPePHsp4,4
Ni10ZGzVw9Y,4
KIrDFLHJHas,4
HFRn1YCCYr8,4
0sDST-n8_5E,4
5hRwTQP40ms,4
EsVtxiWrqpM,4
BbAdM6u-6cg,4
e3HNczK48co,4
ftDb5Kq85XM,4
rMFxf64xQKU,4
3T2tbIZRauE,4
oZU53cOM98I,4
4fy9grOr-QY,4
GNqC0zwQ1jc,4
pEC5Itf3d2I,4
mmYO4VGhltQ,4
PuJ9_jI_DPo,4
iLg-Qf0e7JQ,4
CmsQEBrSRy0,4
S51mEgplYkM,4
fAkyyqA3U8s,4
cc3UGOVDRF8,4
OvbECDT7MYc,4
rl9cG85Dxxw,4
O7sPN-dDNNA,4
s5xNdmBlQeI,4
d2ZW1Tlgjvo,4
hJTAgYEivXw,4
LII4e0BTLpk,4
qMJjC5VAILE,4
rX7stIeXxYs,4
l5Q_pz3HU3A,4
aaCMcWxK-Ak,4
HmrRcfWnBvc,4
aHY_xQX32K8,4
tLIdjQha-WY,4
bM-ROkRHuR0,4
U1SmRkrEQs0,4
YXhY1NFb-sM,4
LyaqM5MRfyA,4
NC5et7m693I,4
0M0H63Io3Rc,4
HyyVIb7GFk8,4
YNalfwoBs9A,4
M2Rlrmw3_Pk,4
cpI4053L2QI,4
wbS4GKkhenY,4
qb8z9kfHn7M,4
h9PC_vLYjr4,4
6mFr2aBaUhQ,4
tzyXqHUHyos,4
eGNUaep4ezQ,4
t_0I2qrbWig,4
LPg8s2t0u-E,4
EZfJIhZh5q0,4
ToQI_1zFsWQ,4
wFDD078oGsY,4
4UDHMytgPCw,4
qBqUpa4BDKg,4
HssHyxkc0H0,4
0QaoPcncttE,4
LQDAIYu-qXM,4
6uLFrw1eNFw,4
K1eskPuAxBA,4
Vcoohsen6t8,4
p1lE3rUzFEg,4
1u5-BYNkaFU,4
oy80-T0JJtA,4
OldK6oe0-aU,4
dGaw2ArdPFw,4
p-EhBnZDnMg,4
vp1siyJMKQs,4
365U_bhRb-s,4
tSEzwVea7Hg,4
IIsQF4UjohE,4
EbRKW4JC694,4
oWPWsiotVcE,4
jv8aWUkOOiQ,4
7eGqrbNDCMc,4
F6ePs-5UY_Q,4
P1z-zvC3Tbs,4
mujT8mJOyuE,4
ukE5oz3qmgg,4
nZIgeEGzKrs,4
3DudRhdx_vI,4
G7GrsOj9C68,4
8la037pstMU,4
QbNk-_lKgco,4
gixel8Q8VxU,4
1z7zaL70btk,4
t-h9V2s5UFs,4
CONuUIGweyo,4
LjLdSxZTn1U,4
haqFmSkQMcY,4
5k_T_NDwT9I,4
kPZ-TcsNObY,4
osGVeZsmezI,4
q3Wt857We3E,4
i9f0LXnCRnQ,4
nVy6MQA9jgo,4
SEe2cm9jtqI,4
s7sDAbSl-IM,4
Ns2OnYmlMY4,4
33ZPCKG4xDM,4
VDjogXZUZr4,4
dFceis9VlhM,4
ZNLH3D6oI6E,4
8--FZ7b53bQ,4
zsMvce-VGSI,4
UGci8lPTlyU,4
LdLvaMdWD6o,4
w7sOVAYfo78,4
qaSIvJJv_N8,4
RUj76CVRruU,4
liTdRu5S1kI,4
QCJpKQI4sRw,4
-DGzzy68ONE,4
rJOb_gpt9Ww,4
0MmFeilNLnE,4
7jHvQgi5Rwc,4
akZP2xujyyk,4
skHW4uqkmc4,4
MB4cf1-r25k,4
CM5WFkL4z_g,4
x08rZCpOLV4,4
jA_1xr2Aa-c,4
9d-ly9JyADM,4
ZRsr-uUXe9Y,4
NtloRm-hyfI,4
AOFB9hS3bx8,4
I0VQ8hfKofs,4
4kTDRxIf0Rw,4
fISvzzJZBAk,4
KyntLOTrxw0,4
DLXktYZoRaI,4
l9KjwPTYXso,4
rFQDYuYK_SM,4
b5UE0m3-XXI,4
74sA1Zd46_c,4
uNOI-SLbSfY,4
iki6e5cVpqg,4
moVMPDOUdNI,4
rovDpPgNG4c,4
Nj9VyIeAlSc,4
nP_BZEWS3Rw,4
YTgv65VOkZg,4
IgRLU18yFpY,4
Kvv_-QZz3Kc,4
9D69QBslW1A,4
69eeh5iXtWA,4
aVc9aN_js5w,4
xNDgL_Ngorg,4
rqcZcoBiLHU,4
e2MtUUmMP6U,4
pM7GiV_ddGo,4
sPg-XUWkJbY,4
_EQjvj7Sa2c,4
BnaK6KFuH6U,4
nR6Bgd-n8Wc,4
x6BUUdbSyDs,4
_OCGr-WUPKo,4
HDLSPoifCz8,4
GXspYKTkX5E,4
x_WWnPw-C3s,4
01jfNYOhIG0,4
NQAe8z0FZgo,4
C4yECzFCdZk,4
nm08RTctHio,4
Oa7BvzZZP0g,4
W3atwHRrkbw,4
e4e7iGGg--g,4
kplyIm-rmGU,4
7eNJ7p4o-s4,4
TYUSr7i-Dt8,4
eTvCE1bkm_0,4
fUnb31yPnD4,4
Z7MknXjNJSg,4
JT3SwUAn3pA,4
AY4z1V6O8PI,4
HiAUDEKSGjY,4
PaYOLeIh-WY,4
X37QfTh_OOo,4
EBK44i_x-_U,4
guZvVp-Q2mY,4
cR-K6UP9F6I,4
uH1y_9NRRb0,4
46zyd2bVaCw,4
xNkLDa3_nnk,4
b8CJpAKDQpo,4
7p8TilR5i4o,4
ZT8OAkMDcaI,4
D-nblEVbOAY,4
_d2BzgrEhfw,4
95FY_CqUOgQ,4
VQVhF-hYfYE,4
Kpqu4I-pTPM,4
twf4attYfC0,4
lydM752ZSQo,4
a0tpdm5763w,4
8p19b6h635s,4
N97WlsHpRyI,4
7d0fU3VJSMg,4
4V-2qRodMwI,4
_0yqoWIZUPU,4
fmlLbs9I-LA,4
2mnyGyMDA7U,4
Z22ci7ORjls,4
COHTTu46_kg,4
2uk6pHMirDQ,4
Nt83uWM0RSk,4
m1UzW-_bMJM,4
fPD6kBNVl3o,4
axfhou5ouu8,4
Z933WxhLeDE,4
YcuuiZauI1I,4
f9AAB52J0wk,4
-4aX2Q3GCFA,4
GxbFPIXbEg0,4
JLbsagfdM-c,4
VOa0qa-qmX8,4
PUC2gzFsBXE,4
AH-VHLSRo-Q,4
59TkuoSCz1Y,4
2YCRjUGpv08,4
pH3lIPagC88,4
0XMUml_mxLQ,4
lNj4N7GnFDM,4
KoQaaDni1xc,4
9rSLN689Gys,4
hsXLbJu3ZSE,4
51Rqd3fgwIM,4
733Na8yzVf4,4
_Q3SzaCCVYQ,4
bchSpsdNvWc,4
-aNh818rqsg,4
6JtzHpFCMTg,4
D8XBDVBOdgY,4
HbM_s2rJl8w,4
duXn6ech7UM,4
fXPB1e19AV0,4
iynk-SS8RDw,4
cDBSqyRHyVA,4
d6skYiJ9Mik,4
Nb6ee7ZZXHg,4
FhtEtrqAgxg,4
fJJBAwiOjRI,4
pMyFuwk0RDs,4
u70C4FbM_YM,4
o3kcJF1DkE0,4
L33ACi_BCHQ,4
5Z9MgzcxjZM,4
GWU_Yc2NeZs,4
tlXtA9RT32I,4
nGv8FK28g4s,4
XoOc7CtPYa0,4
tyMzlEMfulM,4
SZ2dyZmclq4,4
vm8SPgeum74,4
bTxrAqda_hs,4
VlAhiGm-Z6c,4
SIgoIGd1QbU,4
aVTi6Zl6ZDk,4
uxa1pmNSCUA,4
nPbY0x62DaY,4
CgSBLwJv2SQ,4
9N2FxUOxuME,4
mbYou6k9ZHY,4
D5dYf0dTfNA,4
thUp8jTeJ9Q,4
lrWMxnOsIEo,4
S8LkG4Rwtcc,4
U_bIX6DDjxQ,4
7LCGGAtM8bk,4
5al17hlhowA,4
gUd4fD1BkbU,4
PpTvhn9rNn0,4
L0d6rtRQIVg,4
5e0LMJRJFaY,4
c-CJ3-zwF58,4
X0U8Awfizoc,4
18Lq2U3i02A,4
tW2KyI3dVSE,4
Xxt9OeJrdDQ,4
2Vm0eGMaPeo,4
WXqmtGN0Kcg,4
7VqCEypGDxA,4
SndeT214QtE,4
HZxKIabJOs4,4
EmlruVjb1ZQ,4
a_eTJ9V9M0s,4
RRWA5HbNebk,4
eSJvK6cV7ss,4
t2rLdEeOZwQ,4
szclprPzmRc,4
dF23IPdsc_A,4
3LlmiEWtuik,4
cyyf1_qCxhA,4
Nilcc2lALp8,4
7yI4vM85y9g,4
VD_QK6yVQP4,4
2qYzwp-t7rU,4
v5dByAb8LN8,4
fycLK1tDo_k,4
V0FVKbwZEFc,4
Hvmb74JuTQg,4
XJn5NPTq0VI,4
iH-65RRxl2o,4
iaNFouuskXw,4
ZZ4OU0EXkvQ,4
4myialzypbs,4
a4X4EytMgNU,4
E7FlyB_p-P0,4
dVlozT6LMfg,4
0o3PhN6-ZMY,4
1--Jfs3O740,4
vT3tzCNq2ew,4
-C5U6bp_mTA,4
TPoLCRRD_Bw,4
qnzA0YWii28,4
W3WDzJ1c538,4
9GFM9W7lVwU,4
F6jD0p2lyaM,4
HumSvDr6mp8,4
n6EDBYv6vqY,4
mRiAmyy8Pn8,4
QrpQQCVlnVo,4
ZHkr0vBDnus,4
AylSEBh8dj4,4
5Re7r-48BzI,4
w8LQhsZ26PQ,4
NCQelXWyyZw,4
V2sypRxzmWk,4
APf_6jbbXiE,4
qeFQnjma2b8,4
uEWZiR2R5fs,4
WdpBnGpRuL0,4
haNEZL-5cpY,4
iedTc3Kxwhg,4
kS1iajgWXqg,4
T880bbxBsOg,4
I9ieN1ACfP4,4
ErK7SdZJEb4,4
l8m55CbwBJ0,4
VCterYOoRb0,4
X1p42KtZOCw,4
hvD3Cxg0Yrs,4
LQX7vBlPe6I,4
L0eDVHImgiE,4
yuLHpouGgrQ,4
_Y5ywUe8678,4
fTdoXM68qQk,4
bHNaNpbn2i8,4
KDICaSDMjXY,4
vBbVrcaM1Wg,4
3hw_-nMlAIw,4
IyobntgRCmk,4
urby6XazUH8,4
IsbA0-Nevgs,4
q3iQ1MeKxB4,4
UeBYVchmwbY,4
0P8Ubkn_a6Y,4
PGRiHnEtuzw,4
DiG36d0NSH8,4
YX_A0M_cAvE,4
VLKz7K6GEGA,4
t_i8FvWaVZ0,4
EaXs1WXGyh4,4
BDXN1hqVzG4,4
XXByorb7IAk,4
Plk4VJB2_IM,4
lKDqJVLSWT8,4
HB7e-EXjbqA,4
Y80PLTZGTcA,4
zEj81b3kH30,4
TiRudJf6jsw,4
YTWlsToMNb4,4
Y9ZZnQqNc9M,4
lZSbc22_9E0,4
juWZxWqsq0M,4
UQlMHaPcYow,4
K7vMxEciJOk,4
uOfwFxG0yO8,4
DV1OqgHb3jc,4
FNdyDazu3V4,4
2qLwkT1F4Lc,4
oT9BOzvzq7I,4
D5XrHkL3sgQ,4
FcTY9WlvyU0,4
OeOQbsH_rao,4
Rhoa6xu19X4,4
44t0V4AnBC0,4
fOvpuPKSDp8,4
n8KPTql_B18,4
F3YRSSmNXVE,4
n28p4Q7TBUE,4
AVK9NXnnbb0,4
UIZ4kWX4m-w,4
KZreer4hrds,4
6jKB2YKaRsE,4
Unz_yDCZdNk,4
-UOerqjFblk,4
wiBkYwma2kg,4
HX0rlvy5E0Y,4
ApmjHkxsOMQ,4
FCTbknyMRuM,4
cRr_ImlniHk,4
dq3lUL2qxmU,4
uPCJqyESnxY,4
IarzXmDMOmw,4
FAOnrmkNIvU,4
m8bPlUxyLFY,4
kLxJwomXKCI,4
GkiF7wREuWA,4
t40GL-yKozw,4
9wHEBYo9sw4,4
f0eOft2j81g,4
1xx7Lv9UoJg,4
Qfi8-cwJUIY,4
edMG4UDmcUg,4
DkIZiTALdt8,4
q6OCdNI9YT4,4
Yp1rdA6Jvi8,4
0SNH0tk11Nk,4
2EZ0ZwSVqSY,4
_zyGym3HoBg,4
QQoSeOYom24,4
8wHBSo9N7Kk,4
Z1S_fSbjtxY,4
ZybEb1i5A7o,4
QkFkAK9I_2M,4
ZDMwvm-HXoc,4
zIaiDHVQmLI,4
KKTLK7M8iaM,4
kVF3CjnR_ac,4
Vv9-Rmc0GWM,4
_tb3uButXYo,4
Z62cnqMQ-HY,4
57aoaXTHhvI,4
kM0X2SablDk,4
u_uUleugciY,4
0O8r6Fg5zgs,4
MLv5ZIutQig,4
nAfXtLna9Fw,4
qbiomPQpnqQ,4
EEsH93M1mcM,4
DcQY8jq5TVY,4
6sIcaK8e_-c,4
_DYvVZ7HXlI,4
pvYpBpaq0lk,4
ksS5BQgeonw,4
fGpqnXmbOYY,4
Uc4fIs_P6xU,4
_KOQGFHWtxE,4
RpUFRkgHKVU,4
04QRVnqE8YE,4
2c4ewCiHGXU,4
FTFu4PYh5ZA,4
Y_YMsLbzPVE,4
n_QZeuABiSI,4
IosQNhatal4,4
0FErz7FhF-Y,4
KjYxlthXqJ8,4
2GS5ZEmipXY,4
11vCEI2PIzw,4
V1RRbkmCbIw,4
poqrbi9z3o8,4
GBk422pfWAU,4
wgEDiR8LLAM,4
ikCbbrDPYtw,4
8cS3dPqnUY4,4
0Ko10iZBNmA,4
iA92CAfoHBc,4
_6kvhJVvR0w,4
yGZtcaVcSyc,4
FAnhgoSS2CM,4
T21-1MgOYdg,4
I3BfcT7WjQk,4
oXzhcxF4b2s,4
kp2JkIndBXQ,4
v9oeRKGYnKo,4
f1ThCyXyhNY,4
q26Gpbj5RQ4,4
Mm_2I13GHsA,4
ognRTRehf8M,4
UNUlUpXu5t8,4
oJk46tc7zyQ,4
MNpBskNnK5A,4
33LGRpdY2YQ,4
pJExSnMHqQI,4
aFAfDQv207Q,4
RNSKwVSnWXM,4
85-o3Wh8Dhs,4
TWU_k7sDua4,4
eYFG_YMZQBE,4
cD7IZEQ5anc,4
-BnBhNS9zjI,4
3dr2sjQExvQ,4
DVX-PdvJUsc,4
GcpFYpacHwc,4
Aeo8jo4bc7k,4
v_WoGrE2n7w,4
-2-VDj9DcBQ,4
6tRXCy391jM,4
a_FBNkEqw0w,4
QnpQr1_Zs7c,4
h94jM1oAUxc,4
Ah0rGJ797Bs,4
9vK-rWSEgSI,4
90uC0fez_8k,4
ZdVyb6JxGNk,4
-72f7e8Ras8,4
tgp7A1smRcU,4
VfeaM1N7qfw,4
Lt85yHqdSZ4,4
mENQUdP-J4k,4
yPvLHNDHfps,4
JEvsO-jM2qc,4
7wdt5GEENao,4
SqavUbRV914,4
31K76M23YT0,4
kFlNweGXiYI,4
WW0vYZPY_ZA,4
dLMiUvVPReA,4
_Kq_qvoR3eM,4
w2vETi253bk,4
uWwf7JFl1Fg,4
ubjAAjUUXvY,4
K6WwLUXkDpE,4
vb9mt4k7bM4,4
YcDgb1LAFgw,4
uj5SbWOw3gU,4
dEHQj0QiyiE,4
VGR9u9wOAoE,4
Eu4D9Fz4-D8,4
PfmD45jDvpk,4
CjHmjaXPTdg,4
BL06dYOohYo,4
0OBiDFXhYKA,4
hlsIbXCVCpg,4
1q9UoLo8WHo,4
WtAHaZ6_JOM,4
gPN17RO7_WY,4
2SHmyYekPqA,4
ZEkYjjyo3wQ,4
TAQ_Jv1PPkY,4
3oWC_3d16DI,4
ETu0Cb0Xpxk,4
5hu3RzLSH9I,4
2C-5tEadS-s,4
NX6Iq6SXKic,4
wWZBONvrGwM,4
kDLSbRI05Cw,4
VyT6cUNMHTY,4
WRmq89ijb84,4
cIneLrdUZPk,4
_Tczic6Vk5M,4
nSb18AiFNmc,4
lJJjAX51fCU,4
iWSVbS8JzcE,4
-TSAXzbv4qM,4
E7PRfYdE13w,4
KmvlgLPyDg8,4
M36iCwv3hrU,4
wDTCqZwo81o,4
lW_fUyRjqww,4
qdKnAR3ADV0,4
gFiGtAOPQwY,4
u6cnwDJO0k0,4
pqytCCbjG5g,4
vRGeAsVEq7E,4
4-u-Ke9hSSM,4
TaarjNCn0v0,4
ZlUR5HOWxxI,4
u0aDsPORA1w,4
c0uNXNAte6Q,4
Vve7YAIuDUo,4
FzbZOypwBxE,4
2f30SJg60ho,4
EuREuGzrikc,4
lDkZRQ0Zl88,4
1xiNvgf4Acs,4
ni8CJ_hVUTg,4
Ybv1qg2UfYI,4
o_V8w8G1xXc,4
kcf7nYaRu50,4
PH0dnLHz-HI,4
LMFfhMrLQ0g,4
MzxQhOBiJjM,4
WveP09Tdh98,4
-R9B5ienxa4,4
b1YWwEYMD9M,4
fOEFXUPKE6E,4
y_KOeuAS80M,4
1F9y21Nku8Q,4
2HpvWZ6vpQI,4
Q9ZVU9_jfKg,4
TV3SsvuGP1Q,4
-04Mdz-0OZE,4
N_mwhJEjWlI,4
cJMFNh0bvuY,4
1SgcXx7ShTw,4
4JdwVQZZIhU,4
dy_sqadu6pw,4
DvLMSkBBMYY,4
_tHFY7Ew3XM,4
ZbUDXi0oJa0,4
U8tzd6PAwlI,4
c4vh8x3cf2s,4
3bHardt5spg,4
tdsw4WF1ikA,4
6m2xXmkqQXQ,4
s79fkOLRmgA,4
cNZQanAbUzo,4
jNPrUa8ANS4,4
XWVGsw86ILw,4
ROhU1p_rtE0,4
zvUl-s1RcFg,4
mg-BYhfydok,4
sPUjRd7O3xU,4
LrlNzPFEC_M,4
5gmz7JR7nwE,4
ieMxgNf2qOQ,4
9TE6EkT4csg,4
57045wOfdck,4
k3O0TCBBq50,4
ePUHhr56olQ,4
tb3b-mKxZm8,4
l_zU2SOi0O4,4
bzoBa_HSsSY,4
xQEs14Vlo1I,4
rdbGZUcKWto,4
51I_ZSrTSJQ,4
qAEwJHN8TVs,4
HOLmdTppxpg,4
1rSfNmfMqN4,4
P9Xkz6bhn4s,4
0woG1A_NY2w,4
5oDOc7LJgYc,4
Sa7cDbd3lVQ,4
swSmDsIYqgI,4
C55uYD99GiQ,4
jpZiFWt2KM8,4
vyZlXSt7GOs,4
YQH5JNE6j-w,4
GbVEz8NZ3dQ,4
lTniw8u019c,4
jJfpjW-p0GI,4
oq4ueAYBsx0,4
0iWPwiUVJVU,4
Ovgk8aBIvrk,4
C9UALRDrQOM,4
Oxnim5v7Q0k,4
3KL_xU0a5rk,4
u5uZb08ktUA,4
BNoZM67Ex0M,4
EtJUyaadh48,4
vrXsUlY1wLs,4
jGjnutSMRkI,4
ayW0ASQHjZQ,4
InnTFwgy_Kw,4
dLAs55hi0Ig,4
f3TFZ3Q-7dI,4
J6ssDJF_fWg,4
UsEqCvxRCn8,4
KOJ6fjAug_I,4
ORVxSnWmk4o,4
TQMr0ZFve0I,4
gAoAx8DeIXU,4
-vd3Dz9LVbw,4
ZhqLaU-fL0I,4
MlR-ra_ldI0,4
8D94cuMHjZs,4
xtTxgmOogZ8,4
gH7EFzLiD6U,4
Z5sSUNXqOps,4
gW9_7MnsgcU,4
mDja0vnYlP8,4
ny7EpNW0HSg,4
LsI8Zo731C0,4
VzcLUCIG2ps,4
jIOBX5VXmwI,4
0wHULBzhzbg,4
CyR4rkdiCeI,4
5Gg1O27aO34,4
uI4oAxK2niY,4
rsYVPFH5Dow,4
lbJlGlt2qig,4
cQ1LyC69Isk,4
sC7LARxQmHU,4
5mJOxBG-Xec,4
NA5Zz8coleQ,4
pYXdUby86ys,4
aRdWg2CjhfE,4
-uRfF39qkPc,4
Un7LcEb1FJo,4
FL_h6c9KJzg,4
v_tWtvAQY7k,4
29oVVqjeWAg,4
Qy_tT__NCUA,4
pfDgdRR8SjM,4
GdI0Dk-nGsM,4
d3HEUc0pZg8,4
o7fhiyXqlks,4
30IqdA9_CSg,4
KnZA5Cd02Ks,4
km0bgfmKyyw,4
UlueHAkMIrY,4
rIGMhJeSqKA,4
-x6oa8kk2KI,4
EfNFCcpE33U,4
SnADZolKYN4,4
kxOWwZLz97M,4
j_Fd8rwL7IE,4
KISgEVU47Zk,4
9pUNYeQuORU,4
NB4hc4UlSS0,4
wYysX0FS2Jo,4
QvmuT_yJSbY,4
_XWWJAg4jCE,4
UuWSfAluGP8,4
8HSZaTCh674,4
8mU-0WVIvlM,4
QdAbVy4aQ_M,4
Co6KuhzZVsY,4
mWCBMoWrQw4,4
xtrmGXWz7SI,4
VtUISJrjvBY,4
J4Dw0ObLr24,4
nHnC_OcWgBY,4
LYglvuY6dyk,4
IryKZkAObl4,4
nFTux3v_a4k,4
iwU82BXPNBY,4
DUnY_g8Idrw,4
NWwmkRkirJc,4
PQmnm5zDqZI,4
ANDMQ1YhbP4,4
UB-h08z6ZxU,4
LpNSbSzdNfM,4
n38Qxi7TVWo,4
Q-y8Yt94Etc,4
V3fZOAU2yRc,4
0dBIkQ4Mz1M,4
FLvxUF9ukjE,4
Kqd8dKCfjGM,4
3Lea1faKgHE,4
YjBTUs_3pms,4
5Bs45yITIt0,4
sa5pwpRsT5g,4
7BffChqYEPo,4
g7kywh1M6SE,4
DgehKvd25lc,4
GY2eAWpW4_U,4
gpeXPasXfJA,4
2-NZPmF50MU,4
Ic4Xo3BIHzY,4
_CiIZqO_c4c,4
EWUbDipVPGo,4
9jp2Of1B-3Q,4
V08imYbJ1hQ,4
iwvFD_A5QeQ,4
6CJwwjs_-GY,4
7LAkB9q6BPM,4
EN2khdQGJf0,4
I5hMeY0BFLI,4
mfwWZkCgNMs,4
uqaCRzKQmbg,4
-vbvVFdK18c,4
J4FmQtOPbF4,4
JyOdZUTAUvs,4
5_woD7TJziw,4
hk-_1QXcgsg,4
mk2k1DKm-xI,4
I5Y7y1vNlIE,4
pmk-Fwbl778,4
2YXDqc-4Ee4,4
E6ZXZnL7CbQ,4
ST0pegzrmoc,4
gACZX0d_CMk,4
BxqhILKjKeo,4
oI_k_UMkk58,4
0BjylDelAac,4
HfUKg5x50bE,4
DcHJct-leMU,4
d-urifFA6u4,4
UNO_ps8emmk,4
bY_SdcYQLl8,4
V3qS6xBrMI8,4
bmo4kolTFjk,4
9365nJewE1Y,4
Kh2eBxvrVPo,4
Qf62CrEGS1A,4
hp88VHFtFc8,4
_pr2KTWGMrM,4
w82YW5QQ9lc,4
xng84OsyM50,4
aNlRG9fl-p8,4
DP2P8EmfN48,4
AItlaGF5cNo,4
KB2tvmtP1po,4
TfmuodqK5O8,4
OkXkwnNOag0,4
_v_FohEZviQ,4
Apb1_oQ2EEs,4
dYjkiyJOHOU,4
HFQ7Y8tGXok,4
TjAokkmPQNU,4
2WXCUGxEK0s,4
fLCi33vBdUE,4
vJ_Z3-LUqZU,4
RMHN_FPUhLQ,4
WV5QCHTFcK4,4
y6lauU8D3Go,4
pRFcY47Jj1o,4
4oUXRGA3qho,4
ogMV9qhUAq4,4
Jt6OVN6PlpQ,4
MgLRYXDTmAM,4
taelbpgEDqg,4
f8Yd70jRjh0,4
tfhnDCC6LYM,4
iwcXEmw79LI,4
FbrPeENLxQw,4
nDnzuHNWbn8,4
hN8cdpp8GBA,4
JzuoItEFSaI,4
1Zqff4d7z70,4
wr4MgEQtdUQ,4
6QtE5GFGsQM,4
nbg7CCV5OcQ,4
g5fVweRpPyE,4
JUFsKJidsdM,4
_KEnhS2NP98,4
Csud7X6ZixM,4
9iaxd9XAtJc,4
8G78SB4xA2A,4
-g9csz6tA4o,4
zfBWwEN7Ki8,4
p_wZoFq8n5s,4
c9stuhaYuj4,4
q4hSYOtOKXw,4
dDZNshgXqSI,4
Qe4GvVYNQbc,4
9V13VxB0v2Y,4
Sw5VLwAYgWE,4
Ab1GT2iK5xs,4
x32FwlJHt_Y,4
4gFwDXZRQVw,4
FyHQubSmhpY,4
HWb_aS7y6SI,4
zCOzNzIkN4M,4
rPKiYlH2OgE,4
KFX6addVKIQ,4
9QE3LS1EHi8,4
zhXxzyFSC14,4
TbIzSk3WXDo,4
hI5PCvO5N4g,4
xuch_mRifto,4
_EtXnNF0W1U,4
-lk6VPPZ1S4,4
8NH0Gkv-JSU,4
FqD52AKOm8U,4
iBHelAqylbM,4
cA_q83dAJfs,4
ymr89UDE2WA,4
cYTb2elcpJo,4
n2fb1VIiRYg,4
KBL2pSqH2r0,4
qsLXo1HCaKk,4
CHnztWbSO0Y,4
Y8wcla4AjNk,4
a6r5pUoUo-0,4
0cmPxi13rkM,4
s66BXZ80ZjE,4
BL5AX0yuaaw,4
n3XJusMun5I,4
-6ruiqNd5s8,4
eRAHNjhsZjc,4
hrGWJwo519s,4
p0_HxekzQu8,4
DpjvTaMsJxU,4
0DbhYI5BQaY,4
c2mhhJN4jKc,4
QHFuOAhB_lA,4
Nk0eFRM3mpc,4
JXuXCAaZq9c,4
1L3gv-54BjQ,4
-nc-VGgg6Ec,4
Cc1OWKK7N6Q,4
Ff54rCQQq-I,4
doOQs6HnHV4,4
UJpU1e8XJxw,4
lIyC3LGREt8,4
siavaA2mWms,4
kf1bGpc0aHo,4
f0UmxKqnRwg,4
1SzzESGiBiI,4
5iXQIqYPnYg,4
2no-is2qXDM,4
IcJ9d2wDaz4,4
sqa1BQZYeYo,4
NSv6ALkEoZo,4
EYO2XYV1HzI,4
Eg18fqJap8E,4
gO4WOAZiPPg,4
RoC8Q40NVRY,4
Pavw564_tsI,4
g1fNRqW5Gt4,4
ekyKmLM7Oa4,4
QjDtuA5vt5M,4
d_QRcZnr4n4,4
-I6p0aEKCLw,4
l4KRK529pT0,4
qk5kQ_wHxyk,4
Aonx9icCbVA,4
f2GHUdgODYE,4
jSGgTXwMMik,4
vp8A92Ro6D0,4
6Ob2PIU4RzY,4
6VRLP-diwj8,4
Ub9ZGyGRGGI,4
SoLjLR9b1LY,4
yh8zsxgjQvM,4
GzuBnrd7STY,4
YXOQ9BvT7iA,4
IRVZ5I2yLNc,4
9h224abV6PM,4
tqeVaxpWTFY,4
17h2thnorEM,4
CuvXC8L0V68,4
Aq5G_YkYD_4,4
CUeNP51XTeg,4
cZOZ0oXtJRg,4
9Dov-M0ePfM,4
Xs1YijTQ9MM,4
7Hyg_XdiC7g,4
FEUdHBsRJC0,4
IzILYmtOH4c,4
7uW7lc2sdAs,4
O6lwz5BG7ag,4
8zNbMLWeaoI,4
ir85IwGZiwE,4
8-T0kYgsPpw,4
9xsSOaIsZZQ,4
jBCW0qsZktw,4
C9kj1Zy80Fc,4
ojibza9bujw,4
JxkjjMFlvWA,4
DsryK46wEok,4
75xDlQKKhTE,4
VZofeKGsssg,4
l6tbKNNfMxg,4
WofDqBKWfcE,4
qgzuzAKZeuY,4
yKh-QVptAzI,4
0WyOig9adwg,4
lP5UAGAd6bA,4
QZgBUueVv2M,4
E5oLP-z0Wys,4
EEs8E9_85SE,4
lAZ6upsixYM,4
2pKH1T1E10c,4
Aia_M1RSc7U,4
NzQ5sqZ9CuA,4
GgLwYiTnE7M,4
hx0UHyZXbFs,4
k7FIwCo5c2E,4
Qq6chhWENek,4
-8UoMS5hTrA,4
GaSQsGneefc,4
7TKRW2MJkvo,4
bisrM_yJuwE,4
HWYCARTSyd4,4
0zwG_zABFsA,4
TAAKq-CuclY,4
QMciP08Cu3A,4
Q5ISrrjg32I,4
7oIx-CwgtDg,4
82XkZ1j9HVA,4
FQ3o5nogTuE,4
RR3jXx6Ql-s,4
fPKVEnW4A1g,4
DadXqNaLNj8,4
P0Fze2_Gvy8,4
k0TRiTbMTpI,4
-ZALnTiDr6c,4
cQf8ow7Pj48,4
IWJ8BVpKuhg,4
UDXvN4jk-3w,4
AN3J5CC5QHs,4
37-7Cl3j6LE,4
jbSX-Vl-fL4,4
hhFNPPrTFXQ,4
8aizJ3Lh-x0,4
xDxGFfWMv2o,4
u6kyTouGviM,4
f8Qk94bas8U,4
mC8iz_LF9LM,4
dN5XpQe1_gM,4
FKqfbIEhbgE,4
ODe3nNzRZVQ,4
JZbC5tltQYE,4
flqobH2GNH0,4
9u9-m2mOyNg,4
XXG_pdUIqLI,4
qYnpEJYEIPQ,4
hA-4u3eJnOE,4
n7ljhJ7atEw,4
tPStQ6UgSNI,4
q_33USEwWA0,4
agzXpmtvbBg,4
gPjRxB5dGSE,4
2oXpyuT_YKA,4
3rgSis0HAYo,4
PebMewmbHcU,4
dPuFOZfxx0k,4
zsF6ya3OL-s,4
dj0hKfhNfN4,4
NFuVxLJRRDQ,4
9_V9bmWmdWE,4
6ccp-xvBgns,4
AFvAKst8O2s,4
oe4MsI4zMLQ,4
-2GRm5sXVQ4,4
n6ZO1JgT7L8,4
Vv6NiojxSco,4
IrjmCkCEdzY,4
-iKREXgyd04,4
smkMQfVd_bY,4
SXJwE3iPh7M,4
i-iUz0W48u8,4
3BAYwHfgbj8,4
HEHFprvRyfU,4
qiXcrkTjyj8,4
PJibCQ3ePVM,4
rgWqR6O8K9k,4
vOGAa9tQJjI,4
nvO_DxqN2CQ,4
F4m0pCCDhZo,4
78NF_xIxIZA,4
qQq2DDNh_KI,4
g6fW7sbctdY,4
IcVXLcDB77A,4
MmqcnehzvRA,4
92et-vBlUAE,4
agVR9hPvN3k,4
FzXXlpCaHD8,4